concurrency,index,tenant,latency_ms,cost_usd,input_tokens,output_tokens,success
1,0,alpha,3.340737999991461,0.015,10,5,True
1,1,beta,0.19765999999776795,0.015,10,5,True
1,2,alpha,0.15901499997994506,0.015,10,5,True
1,3,beta,0.11442999999644599,0.015,10,5,True
1,4,alpha,0.1325789999953031,0.015,10,5,True
1,5,beta,0.1072270000008757,0.015,10,5,True
1,6,alpha,0.20684399999026937,0.015,10,5,True
1,7,beta,0.11392800001885917,0.015,10,5,True
1,8,alpha,0.1388770000119166,0.015,10,5,True
1,9,beta,0.13189400002033835,0.015,10,5,True
1,10,alpha,0.1366280000070219,0.015,10,5,True
1,11,beta,0.17343199999686476,0.015,10,5,True
1,12,alpha,0.14707500000099571,0.015,10,5,True
1,13,beta,0.12278299999479714,0.015,10,5,True
1,14,alpha,0.14677200002211066,0.015,10,5,True
1,15,beta,0.20090699999286699,0.015,10,5,True
1,16,alpha,0.18799199997943106,0.015,10,5,True
1,17,beta,0.1647979999859217,0.015,10,5,True
1,18,alpha,0.15549600001918407,0.015,10,5,True
1,19,beta,0.13003800000888077,0.015,10,5,True
1,20,alpha,0.15532999998413288,0.015,10,5,True
1,21,beta,0.23521400001413895,0.015,10,5,True
1,22,alpha,0.24273799999718904,0.015,10,5,True
1,23,beta,0.150168000004669,0.015,10,5,True
1,24,alpha,0.2991329999986192,0.015,10,5,True
1,25,beta,0.18745799999919655,0.015,10,5,True
1,26,alpha,0.20386099998859208,0.015,10,5,True
1,27,beta,0.15643100002193933,0.015,10,5,True
1,28,alpha,0.19497499999943102,0.015,10,5,True
1,29,beta,0.15741900000421083,0.015,10,5,True
1,30,alpha,0.2243630000009489,0.015,10,5,True
1,31,beta,0.1517130000081579,0.015,10,5,True
1,32,alpha,0.20209999999565298,0.015,10,5,True
1,33,beta,0.16519499999390064,0.015,10,5,True
1,34,alpha,0.31057600000394814,0.015,10,5,True
1,35,beta,0.2257410000083837,0.015,10,5,True
1,36,alpha,0.23982300001534895,0.015,10,5,True
1,37,beta,0.1869479999925261,0.015,10,5,True
1,38,alpha,0.19629400000553687,0.015,10,5,True
1,39,beta,0.18697100000508726,0.015,10,5,True
1,40,alpha,0.2334360000020297,0.015,10,5,True
1,41,beta,0.19896200001312536,0.015,10,5,True
1,42,alpha,0.2131869999857372,0.015,10,5,True
1,43,beta,0.23135200001433986,0.015,10,5,True
1,44,alpha,0.270160000013675,0.015,10,5,True
1,45,beta,0.20103800000015326,0.015,10,5,True
1,46,alpha,0.2149740000163547,0.015,10,5,True
1,47,beta,0.22885900000346737,0.015,10,5,True
1,48,alpha,0.22775399997954082,0.015,10,5,True
1,49,beta,0.18073999999046464,0.015,10,5,True
1,50,alpha,0.31402900000898626,0.015,10,5,True
1,51,beta,0.21623399999270987,0.015,10,5,True
1,52,alpha,0.3108860000224922,0.015,10,5,True
1,53,beta,0.16225499999222848,0.015,10,5,True
1,54,alpha,0.18971000000078675,0.015,10,5,True
1,55,beta,0.2743479999764986,0.015,10,5,True
1,56,alpha,0.19709500000431035,0.015,10,5,True
1,57,beta,0.15915699998458877,0.015,10,5,True
1,58,alpha,0.19920399998341054,0.015,10,5,True
1,59,beta,0.24182699999641954,0.015,10,5,True
1,60,alpha,0.23391199999878154,0.015,10,5,True
1,61,beta,0.18284800000856194,0.015,10,5,True
1,62,alpha,0.20425700000714642,0.015,10,5,True
1,63,beta,0.2590820000136773,0.015,10,5,True
1,64,alpha,0.20740499999760686,0.015,10,5,True
1,65,beta,0.2037580000262551,0.015,10,5,True
1,66,alpha,0.20944499999586697,0.015,10,5,True
1,67,beta,0.2697950000083438,0.015,10,5,True
1,68,alpha,0.23294299998610768,0.015,10,5,True
1,69,beta,0.24559199999885095,0.015,10,5,True
1,70,alpha,0.2954070000100728,0.015,10,5,True
1,71,beta,0.1855129999910332,0.015,10,5,True
1,72,alpha,0.32784400002583425,0.015,10,5,True
1,73,beta,0.29894100001115476,0.015,10,5,True
1,74,alpha,0.22438100000954364,0.015,10,5,True
1,75,beta,0.22969299999431314,0.015,10,5,True
1,76,alpha,0.22748300000330346,0.015,10,5,True
1,77,beta,0.22727699999336437,0.015,10,5,True
1,78,alpha,0.27010599998789075,0.015,10,5,True
1,79,beta,0.23487499998964267,0.015,10,5,True
1,80,alpha,0.28687299999319293,0.015,10,5,True
1,81,beta,0.1744940000207862,0.015,10,5,True
1,82,alpha,0.20198900000423237,0.015,10,5,True
1,83,beta,0.17188600000395127,0.015,10,5,True
1,84,alpha,0.20153200000549987,0.015,10,5,True
1,85,beta,0.31136100000139777,0.015,10,5,True
1,86,alpha,0.3118319999941832,0.015,10,5,True
1,87,beta,0.28553699999633864,0.015,10,5,True
1,88,alpha,0.2661059999979898,0.015,10,5,True
1,89,beta,0.23169699997538373,0.015,10,5,True
1,90,alpha,0.3288400000087677,0.015,10,5,True
1,91,beta,0.29081399998176494,0.015,10,5,True
1,92,alpha,0.2821749999952772,0.015,10,5,True
1,93,beta,0.24520200000210934,0.015,10,5,True
1,94,alpha,0.3845600000147442,0.015,10,5,True
1,95,beta,0.3245580000168502,0.015,10,5,True
1,96,alpha,0.38119800001368276,0.015,10,5,True
1,97,beta,0.27931100001410414,0.015,10,5,True
1,98,alpha,0.3677820000120846,0.015,10,5,True
1,99,beta,0.366224999993392,0.015,10,5,True
1,100,alpha,0.35310200001958947,0.015,10,5,True
1,101,beta,0.2915000000029977,0.015,10,5,True
1,102,alpha,0.32858299999816154,0.015,10,5,True
1,103,beta,0.38833199999999124,0.015,10,5,True
1,104,alpha,0.3296289999923374,0.015,10,5,True
1,105,beta,0.30791000000363056,0.015,10,5,True
1,106,alpha,0.4224319999934778,0.015,10,5,True
1,107,beta,0.37176699999008633,0.015,10,5,True
1,108,alpha,0.43539799997915907,0.015,10,5,True
1,109,beta,0.36860299999830204,0.015,10,5,True
1,110,alpha,0.3777670000033595,0.015,10,5,True
1,111,beta,0.3690070000175183,0.015,10,5,True
1,112,alpha,0.38436599999158716,0.015,10,5,True
1,113,beta,0.3927539999892815,0.015,10,5,True
1,114,alpha,0.39498499998558145,0.015,10,5,True
1,115,beta,0.3657110000006014,0.015,10,5,True
1,116,alpha,0.4220660000271437,0.015,10,5,True
1,117,beta,0.4199690000064038,0.015,10,5,True
1,118,alpha,0.4607290000251396,0.015,10,5,True
1,119,beta,0.3773140000191688,0.015,10,5,True
1,120,alpha,0.4352939999989758,0.015,10,5,True
1,121,beta,0.40049700001532074,0.015,10,5,True
1,122,alpha,0.41630199999076467,0.015,10,5,True
1,123,beta,0.3967540000076042,0.015,10,5,True
1,124,alpha,0.4292839999777698,0.015,10,5,True
1,125,beta,0.4161020000026383,0.015,10,5,True
1,126,alpha,0.515614999983427,0.015,10,5,True
1,127,beta,0.4744740000148795,0.015,10,5,True
1,128,alpha,0.42690899999797693,0.015,10,5,True
1,129,beta,0.4582299999924544,0.015,10,5,True
1,130,alpha,0.44354400000656824,0.015,10,5,True
1,131,beta,0.4826420000085818,0.015,10,5,True
1,132,alpha,0.4484170000012,0.015,10,5,True
1,133,beta,0.42951300000027004,0.015,10,5,True
1,134,alpha,0.4447019999815893,0.015,10,5,True
1,135,beta,0.3985590000183947,0.015,10,5,True
1,136,alpha,0.4465840000023036,0.015,10,5,True
1,137,beta,0.3734050000048228,0.015,10,5,True
1,138,alpha,0.43605999999840606,0.015,10,5,True
1,139,beta,0.37535799998522634,0.015,10,5,True
1,140,alpha,0.4341380000028039,0.015,10,5,True
1,141,beta,0.39747200000306293,0.015,10,5,True
1,142,alpha,0.4298420000168335,0.015,10,5,True
1,143,beta,0.41063099999405495,0.015,10,5,True
1,144,alpha,0.44502799997303555,0.015,10,5,True
1,145,beta,0.43754000000717497,0.015,10,5,True
1,146,alpha,0.4389880000132962,0.015,10,5,True
1,147,beta,0.42737900000133777,0.015,10,5,True
1,148,alpha,0.4400070000087908,0.015,10,5,True
1,149,beta,0.4700739999918824,0.015,10,5,True
1,150,alpha,0.4391410000152973,0.015,10,5,True
1,151,beta,0.45227699999372817,0.015,10,5,True
1,152,alpha,0.4892460000007759,0.015,10,5,True
1,153,beta,0.43458199999690805,0.015,10,5,True
1,154,alpha,0.4499370000132785,0.015,10,5,True
1,155,beta,0.413928999989821,0.015,10,5,True
1,156,alpha,0.5119969999896057,0.015,10,5,True
1,157,beta,0.4105770000251141,0.015,10,5,True
1,158,alpha,0.4335490000073605,0.015,10,5,True
1,159,beta,0.36965900000041074,0.015,10,5,True
1,160,alpha,0.5127029999982824,0.015,10,5,True
1,161,beta,0.420469999994566,0.015,10,5,True
1,162,alpha,0.43619000001626773,0.015,10,5,True
1,163,beta,0.3804049999871495,0.015,10,5,True
1,164,alpha,0.37820599999349724,0.015,10,5,True
1,165,beta,0.3854299999943578,0.015,10,5,True
1,166,alpha,0.3701290000037716,0.015,10,5,True
1,167,beta,0.3573439999797756,0.015,10,5,True
1,168,alpha,0.3607489999808422,0.015,10,5,True
1,169,beta,0.33559199999899647,0.015,10,5,True
1,170,alpha,0.3821550000111529,0.015,10,5,True
1,171,beta,0.37401000000159,0.015,10,5,True
1,172,alpha,0.44790600000510494,0.015,10,5,True
1,173,beta,0.3829100000132257,0.015,10,5,True
1,174,alpha,0.36233900002002883,0.015,10,5,True
1,175,beta,0.36125899998751265,0.015,10,5,True
1,176,alpha,0.36494299999390023,0.015,10,5,True
1,177,beta,0.3379169999959686,0.015,10,5,True
1,178,alpha,0.38098900000704816,0.015,10,5,True
1,179,beta,0.33815499998013365,0.015,10,5,True
1,180,alpha,0.3879719999986264,0.015,10,5,True
1,181,beta,0.35503000000858265,0.015,10,5,True
1,182,alpha,0.3906820000167954,0.015,10,5,True
1,183,beta,0.374354000001631,0.015,10,5,True
1,184,alpha,0.473820999985719,0.015,10,5,True
1,185,beta,0.479402999985723,0.015,10,5,True
1,186,alpha,0.46060900001521077,0.015,10,5,True
1,187,beta,0.3844169999922542,0.015,10,5,True
1,188,alpha,0.3836749999948097,0.015,10,5,True
1,189,beta,0.3564160000166794,0.015,10,5,True
1,190,alpha,0.4027980000103071,0.015,10,5,True
1,191,beta,0.3921890000242456,0.015,10,5,True
1,192,alpha,0.4311609999945176,0.015,10,5,True
1,193,beta,0.4586130000063804,0.015,10,5,True
1,194,alpha,0.478598999990254,0.015,10,5,True
1,195,beta,0.4300359999831471,0.015,10,5,True
1,196,alpha,0.4905909999877167,0.015,10,5,True
1,197,beta,0.40612999998757005,0.015,10,5,True
1,198,alpha,0.39613999999232874,0.015,10,5,True
1,199,beta,0.40472799997814946,0.015,10,5,True
1,200,alpha,0.4368099999965125,0.015,10,5,True
1,201,beta,0.41155200000275727,0.015,10,5,True
1,202,alpha,0.4737330000068596,0.015,10,5,True
1,203,beta,0.4678230000081385,0.015,10,5,True
1,204,alpha,0.47740700000531433,0.015,10,5,True
1,205,beta,0.46528600000783626,0.015,10,5,True
1,206,alpha,0.49633099999368824,0.015,10,5,True
1,207,beta,0.48620799998388975,0.015,10,5,True
1,208,alpha,0.567391000004136,0.015,10,5,True
1,209,beta,0.48842499998613675,0.015,10,5,True
1,210,alpha,0.48022299998251583,0.015,10,5,True
1,211,beta,0.47681199998805823,0.015,10,5,True
1,212,alpha,0.4864759999918533,0.015,10,5,True
1,213,beta,0.4784170000107224,0.015,10,5,True
1,214,alpha,0.5385590000059892,0.015,10,5,True
1,215,beta,0.5129669999917041,0.015,10,5,True
1,216,alpha,0.5452979999915897,0.015,10,5,True
1,217,beta,0.47733900001389884,0.015,10,5,True
1,218,alpha,0.5003660000113541,0.015,10,5,True
1,219,beta,0.4833090000033735,0.015,10,5,True
1,220,alpha,0.4992309999920508,0.015,10,5,True
1,221,beta,0.4860520000136148,0.015,10,5,True
1,222,alpha,0.5039170000031845,0.015,10,5,True
1,223,beta,0.4847390000009,0.015,10,5,True
1,224,alpha,0.5088050000097155,0.015,10,5,True
1,225,beta,0.4844670000068163,0.015,10,5,True
1,226,alpha,0.50412800001709,0.015,10,5,True
1,227,beta,0.4764079999972637,0.015,10,5,True
1,228,alpha,0.5418069999905128,0.015,10,5,True
1,229,beta,0.4769409999880736,0.015,10,5,True
1,230,alpha,0.5332839999994121,0.015,10,5,True
1,231,beta,0.5301729999871441,0.015,10,5,True
1,232,alpha,0.5485249999992448,0.015,10,5,True
1,233,beta,0.4902649999962705,0.015,10,5,True
1,234,alpha,0.543017000012469,0.015,10,5,True
1,235,beta,0.5031499999859079,0.015,10,5,True
1,236,alpha,0.5653480000091804,0.015,10,5,True
1,237,beta,0.49973899999145033,0.015,10,5,True
1,238,alpha,0.5102620000059233,0.015,10,5,True
1,239,beta,0.4135950000261346,0.015,10,5,True
1,240,alpha,0.4767640000125084,0.015,10,5,True
1,241,beta,0.4319939999959388,0.015,10,5,True
1,242,alpha,0.48395700000014585,0.015,10,5,True
1,243,beta,0.4703239999912512,0.015,10,5,True
1,244,alpha,0.5606820000139123,0.015,10,5,True
1,245,beta,0.4518730000029336,0.015,10,5,True
1,246,alpha,0.49640000000295004,0.015,10,5,True
1,247,beta,0.515569000015148,0.015,10,5,True
1,248,alpha,0.523148000013407,0.015,10,5,True
1,249,beta,0.457525000001624,0.015,10,5,True
1,250,alpha,0.5186990000254355,0.015,10,5,True
1,251,beta,0.45219399999041343,0.015,10,5,True
1,252,alpha,0.4965279999851191,0.015,10,5,True
1,253,beta,0.4643150000163132,0.015,10,5,True
1,254,alpha,0.5563440000173614,0.015,10,5,True
1,255,beta,0.4733789999988858,0.015,10,5,True
1,256,alpha,0.515933000002633,0.015,10,5,True
1,257,beta,0.47671600000853687,0.015,10,5,True
1,258,alpha,0.5315180000025066,0.015,10,5,True
1,259,beta,0.47179199998481636,0.015,10,5,True
1,260,alpha,0.5328190000000177,0.015,10,5,True
1,261,beta,0.5130649999784964,0.015,10,5,True
1,262,alpha,0.5357299999957377,0.015,10,5,True
1,263,beta,0.4981860000157212,0.015,10,5,True
1,264,alpha,0.4955690000087998,0.015,10,5,True
1,265,beta,0.49872099998538033,0.015,10,5,True
1,266,alpha,0.5073430000095414,0.015,10,5,True
1,267,beta,0.5020039999976689,0.015,10,5,True
1,268,alpha,0.587311000003865,0.015,10,5,True
1,269,beta,0.6171429999994871,0.015,10,5,True
1,270,alpha,0.676433999984738,0.015,10,5,True
1,271,beta,0.5814499999985401,0.015,10,5,True
1,272,alpha,0.6277799999736544,0.015,10,5,True
1,273,beta,0.583790999996836,0.015,10,5,True
1,274,alpha,0.6462270000042736,0.015,10,5,True
1,275,beta,0.6198370000163322,0.015,10,5,True
1,276,alpha,0.9144079999998667,0.015,10,5,True
1,277,beta,0.6531779999932041,0.015,10,5,True
1,278,alpha,0.9100469999907546,0.015,10,5,True
1,279,beta,0.6202590000157215,0.015,10,5,True
1,280,alpha,0.82053400001314,0.015,10,5,True
1,281,beta,0.5871590000197102,0.015,10,5,True
1,282,alpha,0.9422969999945963,0.015,10,5,True
1,283,beta,0.8347160000141685,0.015,10,5,True
1,284,alpha,0.6750160000024152,0.015,10,5,True
1,285,beta,0.6038060000150836,0.015,10,5,True
1,286,alpha,0.7491659999914191,0.015,10,5,True
1,287,beta,0.674701999997751,0.015,10,5,True
1,288,alpha,0.6580399999904785,0.015,10,5,True
1,289,beta,0.598604999993313,0.015,10,5,True
1,290,alpha,0.6554480000033891,0.015,10,5,True
1,291,beta,0.6177559999969162,0.015,10,5,True
1,292,alpha,0.6431730000144853,0.015,10,5,True
1,293,beta,0.6748289999904955,0.015,10,5,True
1,294,alpha,0.6929680000098415,0.015,10,5,True
1,295,beta,0.6034959999965395,0.015,10,5,True
1,296,alpha,0.669283000007681,0.015,10,5,True
1,297,beta,0.6260140000051706,0.015,10,5,True
1,298,alpha,0.6451669999876231,0.015,10,5,True
1,299,beta,0.6658119999940482,0.015,10,5,True
1,300,alpha,0.6902979999949821,0.015,10,5,True
1,301,beta,0.6333829999789486,0.015,10,5,True
1,302,alpha,0.6859869999971124,0.015,10,5,True
1,303,beta,0.6512199999804125,0.015,10,5,True
1,304,alpha,0.6654529999821079,0.015,10,5,True
1,305,beta,0.6017999999983203,0.015,10,5,True
1,306,alpha,0.6646140000157175,0.015,10,5,True
1,307,beta,0.6227689999889208,0.015,10,5,True
1,308,alpha,0.6889729999954852,0.015,10,5,True
1,309,beta,0.6517280000082337,0.015,10,5,True
1,310,alpha,0.6683220000240908,0.015,10,5,True
1,311,beta,0.6952189999935854,0.015,10,5,True
1,312,alpha,0.7022560000109479,0.015,10,5,True
1,313,beta,0.6269229999986692,0.015,10,5,True
1,314,alpha,0.6912780000050134,0.015,10,5,True
1,315,beta,0.6650170000170874,0.015,10,5,True
1,316,alpha,0.6935149999947043,0.015,10,5,True
1,317,beta,0.6812069999853065,0.015,10,5,True
1,318,alpha,0.716146000002027,0.015,10,5,True
1,319,beta,0.7003329999974994,0.015,10,5,True
1,320,alpha,0.7089230000190128,0.015,10,5,True
1,321,beta,0.6799239999963902,0.015,10,5,True
1,322,alpha,0.7626089999916985,0.015,10,5,True
1,323,beta,0.6631239999990157,0.015,10,5,True
1,324,alpha,0.7245769999997265,0.015,10,5,True
1,325,beta,0.6807089999938398,0.015,10,5,True
1,326,alpha,0.7146549999959007,0.015,10,5,True
1,327,beta,0.6658410000000003,0.015,10,5,True
1,328,alpha,0.7591540000078112,0.015,10,5,True
1,329,beta,0.7006929999988643,0.015,10,5,True
1,330,alpha,0.7343609999850287,0.015,10,5,True
1,331,beta,0.5795719999923676,0.015,10,5,True
1,332,alpha,0.7603430000244771,0.015,10,5,True
1,333,beta,0.6030370000189578,0.015,10,5,True
1,334,alpha,0.64345100000196,0.015,10,5,True
1,335,beta,0.6112039999948138,0.015,10,5,True
1,336,alpha,0.6545729999913874,0.015,10,5,True
1,337,beta,0.5793349999976272,0.015,10,5,True
1,338,alpha,0.6301589999964108,0.015,10,5,True
1,339,beta,0.5937399999993431,0.015,10,5,True
1,340,alpha,0.6662010000013652,0.015,10,5,True
1,341,beta,0.617664000003515,0.015,10,5,True
1,342,alpha,0.6497310000099787,0.015,10,5,True
1,343,beta,0.6050030000039897,0.015,10,5,True
1,344,alpha,0.6369589999906111,0.015,10,5,True
1,345,beta,0.5948929999988195,0.015,10,5,True
1,346,alpha,0.6777190000093469,0.015,10,5,True
1,347,beta,0.6259759999807102,0.015,10,5,True
1,348,alpha,0.635386999988441,0.015,10,5,True
1,349,beta,0.6281889999968371,0.015,10,5,True
1,350,alpha,0.636263000018289,0.015,10,5,True
1,351,beta,0.6340889999876254,0.015,10,5,True
1,352,alpha,0.6893670000067686,0.015,10,5,True
1,353,beta,0.6527759999812588,0.015,10,5,True
1,354,alpha,0.6292239999936555,0.015,10,5,True
1,355,beta,0.626278999988017,0.015,10,5,True
1,356,alpha,0.629395999993676,0.015,10,5,True
1,357,beta,0.6258569999886276,0.015,10,5,True
1,358,alpha,0.777352999989489,0.015,10,5,True
1,359,beta,0.7545229999834646,0.015,10,5,True
1,360,alpha,0.7725709999988339,0.015,10,5,True
1,361,beta,0.7430590000012671,0.015,10,5,True
1,362,alpha,0.7913060000248606,0.015,10,5,True
1,363,beta,0.7853049999937411,0.015,10,5,True
1,364,alpha,0.7833619999928487,0.015,10,5,True
1,365,beta,0.7267999999953645,0.015,10,5,True
1,366,alpha,0.9007090000068274,0.015,10,5,True
1,367,beta,0.750877999990962,0.015,10,5,True
1,368,alpha,0.8335079999994832,0.015,10,5,True
1,369,beta,0.7722119999868937,0.015,10,5,True
1,370,alpha,0.891037999991795,0.015,10,5,True
1,371,beta,0.7076429999983702,0.015,10,5,True
1,372,alpha,0.6681320000154756,0.015,10,5,True
1,373,beta,0.6569290000015826,0.015,10,5,True
1,374,alpha,0.6578710000155752,0.015,10,5,True
1,375,beta,0.7118409999975484,0.015,10,5,True
1,376,alpha,0.8110969999961526,0.015,10,5,True
1,377,beta,0.8148830000038743,0.015,10,5,True
1,378,alpha,0.681595000003199,0.015,10,5,True
1,379,beta,0.6821010000237493,0.015,10,5,True
1,380,alpha,0.6922070000143776,0.015,10,5,True
1,381,beta,0.636695999986614,0.015,10,5,True
1,382,alpha,0.7699619999925744,0.015,10,5,True
1,383,beta,0.7981459999939489,0.015,10,5,True
1,384,alpha,0.8605760000079954,0.015,10,5,True
1,385,beta,0.8218890000080137,0.015,10,5,True
1,386,alpha,0.8673469999962435,0.015,10,5,True
1,387,beta,0.7721559999822603,0.015,10,5,True
1,388,alpha,0.833455000019967,0.015,10,5,True
1,389,beta,0.8180760000016107,0.015,10,5,True
1,390,alpha,0.8215960000086397,0.015,10,5,True
1,391,beta,0.8001550000074076,0.015,10,5,True
1,392,alpha,0.8200780000038321,0.015,10,5,True
1,393,beta,0.7742139999891151,0.015,10,5,True
1,394,alpha,0.8437049999940882,0.015,10,5,True
1,395,beta,0.7991280000112511,0.015,10,5,True
1,396,alpha,0.8269680000125845,0.015,10,5,True
1,397,beta,0.7947109999975055,0.015,10,5,True
1,398,alpha,0.8941550000258758,0.015,10,5,True
1,399,beta,0.7833409999875585,0.015,10,5,True
1,400,alpha,0.8400119999976141,0.015,10,5,True
1,401,beta,0.7520960000135801,0.015,10,5,True
1,402,alpha,0.7630220000010013,0.015,10,5,True
1,403,beta,0.7357220000017151,0.015,10,5,True
1,404,alpha,0.6999279999888586,0.015,10,5,True
1,405,beta,0.6919260000017857,0.015,10,5,True
1,406,alpha,0.8354269999983899,0.015,10,5,True
1,407,beta,0.8138780000024326,0.015,10,5,True
1,408,alpha,0.8450310000114314,0.015,10,5,True
1,409,beta,0.8472140000037598,0.015,10,5,True
1,410,alpha,0.8697489999747177,0.015,10,5,True
1,411,beta,0.8612379999988207,0.015,10,5,True
1,412,alpha,0.8651530000065577,0.015,10,5,True
1,413,beta,0.8768239999881189,0.015,10,5,True
1,414,alpha,0.8582490000037524,0.015,10,5,True
1,415,beta,0.8285870000008799,0.015,10,5,True
1,416,alpha,0.8678670000108468,0.015,10,5,True
1,417,beta,0.8053929999789489,0.015,10,5,True
1,418,alpha,0.8819699999946806,0.015,10,5,True
1,419,beta,0.843949000000066,0.015,10,5,True
1,420,alpha,0.880155000004379,0.015,10,5,True
1,421,beta,0.8517509999990125,0.015,10,5,True
1,422,alpha,0.9407340000109343,0.015,10,5,True
1,423,beta,0.8435040000165372,0.015,10,5,True
1,424,alpha,0.740229000001591,0.015,10,5,True
1,425,beta,0.7261359999972683,0.015,10,5,True
1,426,alpha,0.7476160000123855,0.015,10,5,True
1,427,beta,0.7240140000135398,0.015,10,5,True
1,428,alpha,0.7429309999906764,0.015,10,5,True
1,429,beta,0.7121049999909701,0.015,10,5,True
1,430,alpha,0.7657769999980246,0.015,10,5,True
1,431,beta,0.7211989999973412,0.015,10,5,True
1,432,alpha,0.7808379999971748,0.015,10,5,True
1,433,beta,0.7597720000092067,0.015,10,5,True
1,434,alpha,0.7836000000054355,0.015,10,5,True
1,435,beta,0.7309439999971801,0.015,10,5,True
1,436,alpha,0.7616249999955471,0.015,10,5,True
1,437,beta,0.7443080000086866,0.015,10,5,True
1,438,alpha,0.761562000008098,0.015,10,5,True
1,439,beta,0.7376819999933559,0.015,10,5,True
1,440,alpha,0.7627759999877526,0.015,10,5,True
1,441,beta,0.8087220000163597,0.015,10,5,True
1,442,alpha,0.9418420000031347,0.015,10,5,True
1,443,beta,0.8695029999898907,0.015,10,5,True
1,444,alpha,0.9009409999976015,0.015,10,5,True
1,445,beta,0.871343999989449,0.015,10,5,True
1,446,alpha,0.9223980000001575,0.015,10,5,True
1,447,beta,0.8996510000258695,0.015,10,5,True
1,448,alpha,0.9519650000129332,0.015,10,5,True
1,449,beta,0.8443060000047353,0.015,10,5,True
1,450,alpha,0.9567399999923509,0.015,10,5,True
1,451,beta,0.8454000000028827,0.015,10,5,True
1,452,alpha,0.8529930000236163,0.015,10,5,True
1,453,beta,0.746445999993739,0.015,10,5,True
1,454,alpha,0.8013800000128413,0.015,10,5,True
1,455,beta,0.8302409999885185,0.015,10,5,True
1,456,alpha,0.8611260000179755,0.015,10,5,True
1,457,beta,0.7771029999901202,0.015,10,5,True
1,458,alpha,0.8803199999931621,0.015,10,5,True
1,459,beta,0.8199469999965459,0.015,10,5,True
1,460,alpha,0.8553430000119988,0.015,10,5,True
1,461,beta,0.9364880000077846,0.015,10,5,True
1,462,alpha,0.9617489999982354,0.015,10,5,True
1,463,beta,0.9231119999810744,0.015,10,5,True
1,464,alpha,0.9770000000060008,0.015,10,5,True
1,465,beta,0.9923450000144385,0.015,10,5,True
1,466,alpha,0.9530619999793544,0.015,10,5,True
1,467,beta,0.9152740000217818,0.015,10,5,True
1,468,alpha,0.9977459999959137,0.015,10,5,True
1,469,beta,0.9872819999827698,0.015,10,5,True
1,470,alpha,0.9526320000077249,0.015,10,5,True
1,471,beta,0.9204420000230584,0.015,10,5,True
1,472,alpha,0.9600070000033156,0.015,10,5,True
1,473,beta,0.9608109999987846,0.015,10,5,True
1,474,alpha,0.9634500000004209,0.015,10,5,True
1,475,beta,0.9297699999990527,0.015,10,5,True
1,476,alpha,0.962708999992401,0.015,10,5,True
1,477,beta,0.8368609999820364,0.015,10,5,True
1,478,alpha,0.8557909999922231,0.015,10,5,True
1,479,beta,0.7877369999960138,0.015,10,5,True
1,480,alpha,0.8631860000036795,0.015,10,5,True
1,481,beta,0.796127000000979,0.015,10,5,True
1,482,alpha,0.8807549999971798,0.015,10,5,True
1,483,beta,0.8026259999951435,0.015,10,5,True
1,484,alpha,0.8330800000067029,0.015,10,5,True
1,485,beta,0.7823380000218094,0.015,10,5,True
1,486,alpha,0.8300110000050154,0.015,10,5,True
1,487,beta,0.8224190000021281,0.015,10,5,True
1,488,alpha,0.85284899998328,0.015,10,5,True
1,489,beta,0.8087340000031418,0.015,10,5,True
1,490,alpha,0.8425319999787462,0.015,10,5,True
1,491,beta,0.8019310000122459,0.015,10,5,True
1,492,alpha,0.8654860000092413,0.015,10,5,True
1,493,beta,0.9224180000160231,0.015,10,5,True
1,494,alpha,0.9850710000023355,0.015,10,5,True
1,495,beta,0.9582250000050863,0.015,10,5,True
1,496,alpha,0.9663490000093589,0.015,10,5,True
1,497,beta,0.9174850000022161,0.015,10,5,True
1,498,alpha,0.9781269999962205,0.015,10,5,True
1,499,beta,0.9666930000093998,0.015,10,5,True
8,0,alpha,0.8302960000037274,0.015,10,5,True
8,1,beta,3.530215999973052,0.015,10,5,True
8,2,alpha,5.164075000010371,0.015,10,5,True
8,3,beta,3.9906009999981507,0.015,10,5,True
8,4,alpha,3.5337409999840474,0.015,10,5,True
8,5,beta,4.469631999995727,0.015,10,5,True
8,6,alpha,4.982297999987395,0.015,10,5,True
8,7,beta,3.824389999977029,0.015,10,5,True
8,8,alpha,6.518558000010444,0.015,10,5,True
8,9,beta,2.594168000001673,0.015,10,5,True
8,10,alpha,2.270667000004778,0.015,10,5,True
8,11,beta,2.479964999992035,0.015,10,5,True
8,12,alpha,5.113283000014235,0.015,10,5,True
8,13,beta,3.3101600000122744,0.015,10,5,True
8,14,alpha,1.2456139999983407,0.015,10,5,True
8,15,beta,3.696880000006786,0.015,10,5,True
8,16,alpha,1.254684000002726,0.015,10,5,True
8,17,beta,2.4071310000124413,0.015,10,5,True
8,18,alpha,1.356573999999,0.015,10,5,True
8,19,beta,1.4518449999911809,0.015,10,5,True
8,20,alpha,1.7218579999962458,0.015,10,5,True
8,21,beta,2.775111999994806,0.015,10,5,True
8,22,alpha,4.036089999999604,0.015,10,5,True
8,23,beta,2.727727999996432,0.015,10,5,True
8,24,alpha,2.9709899999943445,0.015,10,5,True
8,25,beta,2.9371149999803947,0.015,10,5,True
8,26,alpha,1.7328159999863146,0.015,10,5,True
8,27,beta,2.9843750000111413,0.015,10,5,True
8,28,alpha,2.9710530000102153,0.015,10,5,True
8,29,beta,2.8498830000103226,0.015,10,5,True
8,30,alpha,4.111832000006643,0.015,10,5,True
8,31,beta,2.8300479999927575,0.015,10,5,True
8,32,alpha,2.7982720000068184,0.015,10,5,True
8,33,beta,2.8501330000096914,0.015,10,5,True
8,34,alpha,1.5928980000126103,0.015,10,5,True
8,35,beta,2.9347409999900265,0.015,10,5,True
8,36,alpha,3.1841809999946236,0.015,10,5,True
8,37,beta,3.288688000026241,0.015,10,5,True
8,38,alpha,2.0749919999900612,0.015,10,5,True
8,39,beta,3.9851770000041142,0.015,10,5,True
8,40,alpha,2.8342909999992116,0.015,10,5,True
8,41,beta,2.9232759999899827,0.015,10,5,True
8,42,alpha,1.9787439999845446,0.015,10,5,True
8,43,beta,2.8226009999912094,0.015,10,5,True
8,44,alpha,2.6863800000000992,0.015,10,5,True
8,45,beta,3.512685999993437,0.015,10,5,True
8,46,alpha,5.4851399999904515,0.015,10,5,True
8,47,beta,2.4057549999838557,0.015,10,5,True
8,48,alpha,1.7694850000111728,0.015,10,5,True
8,49,beta,2.798115000018697,0.015,10,5,True
8,50,alpha,2.7041909999923064,0.015,10,5,True
8,51,beta,2.65024700001959,0.015,10,5,True
8,52,alpha,1.6075289999832876,0.015,10,5,True
8,53,beta,2.466443999992407,0.015,10,5,True
8,54,alpha,2.6078130000257715,0.015,10,5,True
8,55,beta,1.465994000000137,0.015,10,5,True
8,56,alpha,1.5494429999876047,0.015,10,5,True
8,57,beta,3.3186370000066745,0.015,10,5,True
8,58,alpha,3.2090029999949365,0.015,10,5,True
8,59,beta,1.6340290000016466,0.015,10,5,True
8,60,alpha,2.2192119999999704,0.015,10,5,True
8,61,beta,1.679631000001791,0.015,10,5,True
8,62,alpha,1.1613309999916055,0.015,10,5,True
8,63,beta,3.3752800000002026,0.015,10,5,True
8,64,alpha,2.1191099999953167,0.015,10,5,True
8,65,beta,5.374087000006966,0.015,10,5,True
8,66,alpha,3.5506689999920127,0.015,10,5,True
8,67,beta,1.3570590000142602,0.015,10,5,True
8,68,alpha,6.559723000009399,0.015,10,5,True
8,69,beta,1.16024499999412,0.015,10,5,True
8,70,alpha,1.359368999999333,0.015,10,5,True
8,71,beta,5.3265650000184905,0.015,10,5,True
8,72,alpha,1.484630999982528,0.015,10,5,True
8,73,beta,1.3914760000091064,0.015,10,5,True
8,74,alpha,2.446759999997994,0.015,10,5,True
8,75,beta,3.6051419999978407,0.015,10,5,True
8,76,alpha,6.678598999997121,0.015,10,5,True
8,77,beta,1.1726049999936095,0.015,10,5,True
8,78,alpha,0.21041599998739002,0.015,10,5,True
8,79,beta,0.18844400000261885,0.015,10,5,True
8,80,alpha,0.2572040000075049,0.015,10,5,True
8,81,beta,1.6302719999998772,0.015,10,5,True
8,82,alpha,3.988096000000496,0.015,10,5,True
8,83,beta,1.58840199998167,0.015,10,5,True
8,84,alpha,0.33002300000362084,0.015,10,5,True
8,85,beta,2.736323000021912,0.015,10,5,True
8,86,alpha,1.9719550000161234,0.015,10,5,True
8,87,beta,1.2776789999975335,0.015,10,5,True
8,88,alpha,5.508126000023594,0.015,10,5,True
8,89,beta,3.938067000007095,0.015,10,5,True
8,90,alpha,5.32905200000755,0.015,10,5,True
8,91,beta,1.5921509999827776,0.015,10,5,True
8,92,alpha,1.6490860000146768,0.015,10,5,True
8,93,beta,5.474791000011692,0.015,10,5,True
8,94,alpha,1.6509939999878043,0.015,10,5,True
8,95,beta,3.8053629999978966,0.015,10,5,True
8,96,alpha,3.7424169999837886,0.015,10,5,True
8,97,beta,1.2745659999779946,0.015,10,5,True
8,98,alpha,0.25526900000727437,0.015,10,5,True
8,99,beta,1.1750169999800164,0.015,10,5,True
8,100,alpha,1.5035300000079133,0.015,10,5,True
8,101,beta,0.2275620000204981,0.015,10,5,True
8,102,alpha,3.237015999985715,0.015,10,5,True
8,103,beta,4.464402000024847,0.015,10,5,True
8,104,alpha,3.343217999997705,0.015,10,5,True
8,105,beta,1.8499930000075437,0.015,10,5,True
8,106,alpha,3.2674580000104925,0.015,10,5,True
8,107,beta,2.0591579999802434,0.015,10,5,True
8,108,alpha,3.375088000012738,0.015,10,5,True
8,109,beta,3.296792000014648,0.015,10,5,True
8,110,alpha,3.5123460000079376,0.015,10,5,True
8,111,beta,4.592615000007072,0.015,10,5,True
8,112,alpha,3.519019999998818,0.015,10,5,True
8,113,beta,4.612379000008104,0.015,10,5,True
8,114,alpha,2.283452999989777,0.015,10,5,True
8,115,beta,6.05430400000273,0.015,10,5,True
8,116,alpha,6.8171160000076725,0.015,10,5,True
8,117,beta,5.662362999999004,0.015,10,5,True
8,118,alpha,8.56634000001577,0.015,10,5,True
8,119,beta,6.541012999974782,0.015,10,5,True
8,120,alpha,0.3401099999962298,0.015,10,5,True
8,121,beta,1.7591909999907784,0.015,10,5,True
8,122,alpha,0.3357390000076066,0.015,10,5,True
8,123,beta,1.4081760000124177,0.015,10,5,True
8,124,alpha,5.22917400002143,0.015,10,5,True
8,125,beta,3.4659510000096816,0.015,10,5,True
8,126,alpha,0.36631500000794404,0.015,10,5,True
8,127,beta,0.34314600000584505,0.015,10,5,True
8,128,alpha,9.523575999992318,0.015,10,5,True
8,129,beta,6.2719150000134505,0.015,10,5,True
8,130,alpha,11.313985000015236,0.015,10,5,True
8,131,beta,4.612992999994958,0.015,10,5,True
8,132,alpha,2.5619239999912224,0.015,10,5,True
8,133,beta,4.389811000010013,0.015,10,5,True
8,134,alpha,4.733232999996062,0.015,10,5,True
8,135,beta,4.635845999985122,0.015,10,5,True
8,136,alpha,0.6366789999958655,0.015,10,5,True
8,137,beta,0.37106700000322235,0.015,10,5,True
8,138,alpha,5.67591600000128,0.015,10,5,True
8,139,beta,2.23728500000675,0.015,10,5,True
8,140,alpha,5.276529000013852,0.015,10,5,True
8,141,beta,0.44045900000355687,0.015,10,5,True
8,142,alpha,2.219165000013845,0.015,10,5,True
8,143,beta,2.160363000001553,0.015,10,5,True
8,144,alpha,2.0940010000174425,0.015,10,5,True
8,145,beta,2.0096160000093732,0.015,10,5,True
8,146,alpha,5.009182000009105,0.015,10,5,True
8,147,beta,8.177506999999196,0.015,10,5,True
8,148,alpha,3.635266000003412,0.015,10,5,True
8,149,beta,1.9777799999758372,0.015,10,5,True
8,150,alpha,2.145065000007662,0.015,10,5,True
8,151,beta,6.208001000004515,0.015,10,5,True
8,152,alpha,11.024431999999251,0.015,10,5,True
8,153,beta,6.705212000014171,0.015,10,5,True
8,154,alpha,2.346015999989959,0.015,10,5,True
8,155,beta,2.4084570000013628,0.015,10,5,True
8,156,alpha,3.527095999999119,0.015,10,5,True
8,157,beta,1.6597030000014001,0.015,10,5,True
8,158,alpha,3.5610390000044845,0.015,10,5,True
8,159,beta,7.051687999990008,0.015,10,5,True
8,160,alpha,0.3778659999795764,0.015,10,5,True
8,161,beta,0.33035100000233797,0.015,10,5,True
8,162,alpha,7.00213700000063,0.015,10,5,True
8,163,beta,2.1958660000223063,0.015,10,5,True
8,164,alpha,3.9273900000011963,0.015,10,5,True
8,165,beta,2.2336309999957393,0.015,10,5,True
8,166,alpha,3.5367980000273747,0.015,10,5,True
8,167,beta,1.9356960000038725,0.015,10,5,True
8,168,alpha,1.690580999991198,0.015,10,5,True
8,169,beta,2.1517079999853195,0.015,10,5,True
8,170,alpha,8.59773199999836,0.015,10,5,True
8,171,beta,2.1053630000267276,0.015,10,5,True
8,172,alpha,6.07403300000442,0.015,10,5,True
8,173,beta,2.1497750000207816,0.015,10,5,True
8,174,alpha,2.3504500000228745,0.015,10,5,True
8,175,beta,7.393942999982528,0.015,10,5,True
8,176,alpha,4.051903999993556,0.015,10,5,True
8,177,beta,2.326038000006747,0.015,10,5,True
8,178,alpha,2.7575830000046153,0.015,10,5,True
8,179,beta,4.229670999990276,0.015,10,5,True
8,180,alpha,0.4741539999884026,0.015,10,5,True
8,181,beta,2.9327739999871483,0.015,10,5,True
8,182,alpha,3.7162019999925633,0.015,10,5,True
8,183,beta,4.78129399999716,0.015,10,5,True
8,184,alpha,12.200868000007858,0.015,10,5,True
8,185,beta,2.88384199998859,0.015,10,5,True
8,186,alpha,5.176113000004534,0.015,10,5,True
8,187,beta,5.725875999985419,0.015,10,5,True
8,188,alpha,3.61342599998693,0.015,10,5,True
8,189,beta,2.5793829999827267,0.015,10,5,True
8,190,alpha,2.5137710000251445,0.015,10,5,True
8,191,beta,6.097885000002634,0.015,10,5,True
8,192,alpha,2.622537999997121,0.015,10,5,True
8,193,beta,2.616771999981893,0.015,10,5,True
8,194,alpha,3.0646209999929397,0.015,10,5,True
8,195,beta,2.119179999994003,0.015,10,5,True
8,196,alpha,3.871919000005164,0.015,10,5,True
8,197,beta,2.1603769999956057,0.015,10,5,True
8,198,alpha,3.4871020000082353,0.015,10,5,True
8,199,beta,3.9800350000120943,0.015,10,5,True
8,200,alpha,15.665347999998858,0.015,10,5,True
8,201,beta,2.5904569999966043,0.015,10,5,True
8,202,alpha,3.6860489999810397,0.015,10,5,True
8,203,beta,4.061758000005966,0.015,10,5,True
8,204,alpha,4.038914999995313,0.015,10,5,True
8,205,beta,2.570433000016692,0.015,10,5,True
8,206,alpha,4.150317000011228,0.015,10,5,True
8,207,beta,6.724746000003279,0.015,10,5,True
8,208,alpha,2.6670450000096935,0.015,10,5,True
8,209,beta,5.041355000003023,0.015,10,5,True
8,210,alpha,3.684723999981543,0.015,10,5,True
8,211,beta,2.0990529999949104,0.015,10,5,True
8,212,alpha,8.077152999987902,0.015,10,5,True
8,213,beta,5.774336000001767,0.015,10,5,True
8,214,alpha,4.620027000015625,0.015,10,5,True
8,215,beta,3.1859679999968193,0.015,10,5,True
8,216,alpha,6.120460000005323,0.015,10,5,True
8,217,beta,6.789792999995825,0.015,10,5,True
8,218,alpha,3.2888260000163427,0.015,10,5,True
8,219,beta,6.330406999978777,0.015,10,5,True
8,220,alpha,6.126417999979594,0.015,10,5,True
8,221,beta,8.271364999984598,0.015,10,5,True
8,222,alpha,7.866277999994509,0.015,10,5,True
8,223,beta,12.634624000014583,0.015,10,5,True
8,224,alpha,4.4924120000189305,0.015,10,5,True
8,225,beta,3.0514919999973245,0.015,10,5,True
8,226,alpha,8.345703000003368,0.015,10,5,True
8,227,beta,2.926156999990326,0.015,10,5,True
8,228,alpha,5.447985000017752,0.015,10,5,True
8,229,beta,5.421373000018548,0.015,10,5,True
8,230,alpha,3.337772000008954,0.015,10,5,True
8,231,beta,5.326329000013175,0.015,10,5,True
8,232,alpha,5.362009999998918,0.015,10,5,True
8,233,beta,0.6531250000136879,0.015,10,5,True
8,234,alpha,5.502059999997755,0.015,10,5,True
8,235,beta,5.6549629999835815,0.015,10,5,True
8,236,alpha,5.744822999986354,0.015,10,5,True
8,237,beta,5.760028999986844,0.015,10,5,True
8,238,alpha,5.856109000006882,0.015,10,5,True
8,239,beta,10.899467999990975,0.015,10,5,True
8,240,alpha,6.020019000004595,0.015,10,5,True
8,241,beta,6.019141999985322,0.015,10,5,True
8,242,alpha,5.9781180000015866,0.015,10,5,True
8,243,beta,5.795804999991105,0.015,10,5,True
8,244,alpha,5.902141000007077,0.015,10,5,True
8,245,beta,5.766668999996227,0.015,10,5,True
8,246,alpha,0.6664759999921444,0.015,10,5,True
8,247,beta,5.7749610000144,0.015,10,5,True
8,248,alpha,5.789473000021417,0.015,10,5,True
8,249,beta,10.998403999991524,0.015,10,5,True
8,250,alpha,5.902278999997179,0.015,10,5,True
8,251,beta,8.128909000021167,0.015,10,5,True
8,252,alpha,5.872449000008828,0.015,10,5,True
8,253,beta,5.924244999988559,0.015,10,5,True
8,254,alpha,3.8010570000039934,0.015,10,5,True
8,255,beta,5.982112999987521,0.015,10,5,True
8,256,alpha,0.7074180000188335,0.015,10,5,True
8,257,beta,6.082402999993519,0.015,10,5,True
8,258,alpha,6.094028999996226,0.015,10,5,True
8,259,beta,6.063068999992538,0.015,10,5,True
8,260,alpha,5.952970000009827,0.015,10,5,True
8,261,beta,8.330155000010109,0.015,10,5,True
8,262,alpha,6.0303879999992205,0.015,10,5,True
8,263,beta,6.113962000000583,0.015,10,5,True
8,264,alpha,3.7713090000011107,0.015,10,5,True
8,265,beta,5.922171999998227,0.015,10,5,True
8,266,alpha,5.948625999991464,0.015,10,5,True
8,267,beta,5.969031999995877,0.015,10,5,True
8,268,alpha,8.578375999974241,0.015,10,5,True
8,269,beta,6.0123979999957555,0.015,10,5,True
8,270,alpha,8.543627999983983,0.015,10,5,True
8,271,beta,8.54643700000679,0.015,10,5,True
8,272,alpha,8.595818999992844,0.015,10,5,True
8,273,beta,13.402823999996372,0.015,10,5,True
8,274,alpha,3.1572970000013356,0.015,10,5,True
8,275,beta,0.7221259999994345,0.015,10,5,True
8,276,alpha,3.491415000013376,0.015,10,5,True
8,277,beta,9.787994999982175,0.015,10,5,True
8,278,alpha,6.503202000004649,0.015,10,5,True
8,279,beta,3.8847839999789358,0.015,10,5,True
8,280,alpha,6.362762999998495,0.015,10,5,True
8,281,beta,16.96363299998893,0.015,10,5,True
8,282,alpha,4.130370000012817,0.015,10,5,True
8,283,beta,8.744944000000032,0.015,10,5,True
8,284,alpha,0.68200799998408,0.015,10,5,True
8,285,beta,8.553417000001673,0.015,10,5,True
8,286,alpha,4.08072599998377,0.015,10,5,True
8,287,beta,7.327730000014299,0.015,10,5,True
8,288,alpha,11.675728000000163,0.015,10,5,True
8,289,beta,2.7343829999892932,0.015,10,5,True
8,290,alpha,3.8381079999965095,0.015,10,5,True
8,291,beta,5.1578880000136,0.015,10,5,True
8,292,alpha,6.4961329999846384,0.015,10,5,True
8,293,beta,8.634997000001476,0.015,10,5,True
8,294,alpha,4.084191000004012,0.015,10,5,True
8,295,beta,13.636447000010321,0.015,10,5,True
8,296,alpha,10.568282999997791,0.015,10,5,True
8,297,beta,7.789828999989368,0.015,10,5,True
8,298,alpha,5.755805000006831,0.015,10,5,True
8,299,beta,4.177007999999205,0.015,10,5,True
8,300,alpha,10.215969999990193,0.015,10,5,True
8,301,beta,4.562706000001526,0.015,10,5,True
8,302,alpha,7.248393999987002,0.015,10,5,True
8,303,beta,3.851910000008729,0.015,10,5,True
8,304,alpha,3.6811980000095446,0.015,10,5,True
8,305,beta,9.347050000002355,0.015,10,5,True
8,306,alpha,9.39286400000583,0.015,10,5,True
8,307,beta,6.804971000008209,0.015,10,5,True
8,308,alpha,4.283643000007942,0.015,10,5,True
8,309,beta,10.32752700001538,0.015,10,5,True
8,310,alpha,3.586863999998968,0.015,10,5,True
8,311,beta,6.077250000004142,0.015,10,5,True
8,312,alpha,6.872325000017554,0.015,10,5,True
8,313,beta,7.669606000007434,0.015,10,5,True
8,314,alpha,4.282141999993883,0.015,10,5,True
8,315,beta,6.835281999997278,0.015,10,5,True
8,316,alpha,6.675740000019914,0.015,10,5,True
8,317,beta,12.580471999996234,0.015,10,5,True
8,318,alpha,6.779184999999188,0.015,10,5,True
8,319,beta,6.860384999981761,0.015,10,5,True
8,320,alpha,6.8939919999877475,0.015,10,5,True
8,321,beta,6.7889290000096025,0.015,10,5,True
8,322,alpha,6.727827999981173,0.015,10,5,True
8,323,beta,6.6980439999895225,0.015,10,5,True
8,324,alpha,0.8384269999908156,0.015,10,5,True
8,325,beta,9.478456000010738,0.015,10,5,True
8,326,alpha,6.735084000013103,0.015,10,5,True
8,327,beta,6.627441000006229,0.015,10,5,True
8,328,alpha,4.087307000020246,0.015,10,5,True
8,329,beta,6.929883999987396,0.015,10,5,True
8,330,alpha,6.9793680000032055,0.015,10,5,True
8,331,beta,6.9989440000028935,0.015,10,5,True
8,332,alpha,7.070071999976335,0.015,10,5,True
8,333,beta,7.003792000006115,0.015,10,5,True
8,334,alpha,6.960206999991669,0.015,10,5,True
8,335,beta,6.999391000022115,0.015,10,5,True
8,336,alpha,7.072400999987849,0.015,10,5,True
8,337,beta,7.062746999991987,0.015,10,5,True
8,338,alpha,9.736493000019664,0.015,10,5,True
8,339,beta,10.029210999988436,0.015,10,5,True
8,340,alpha,7.14092300000857,0.015,10,5,True
8,341,beta,4.375537999976586,0.015,10,5,True
8,342,alpha,4.515020000013692,0.015,10,5,True
8,343,beta,7.337562999992997,0.015,10,5,True
8,344,alpha,7.170729000023357,0.015,10,5,True
8,345,beta,9.456795000005513,0.015,10,5,True
8,346,alpha,7.105013000000326,0.015,10,5,True
8,347,beta,9.339067000013301,0.015,10,5,True
8,348,alpha,4.462712999981022,0.015,10,5,True
8,349,beta,6.7716979999943305,0.015,10,5,True
8,350,alpha,4.097745999985136,0.015,10,5,True
8,351,beta,6.478738999987854,0.015,10,5,True
8,352,alpha,6.453926000006049,0.015,10,5,True
8,353,beta,6.339545000003,0.015,10,5,True
8,354,alpha,6.408816999993405,0.015,10,5,True
8,355,beta,6.3263099999915084,0.015,10,5,True
8,356,alpha,6.539105999991079,0.015,10,5,True
8,357,beta,6.438998999982459,0.015,10,5,True
8,358,alpha,9.009556000023622,0.015,10,5,True
8,359,beta,8.963854000000993,0.015,10,5,True
8,360,alpha,6.500544999994418,0.015,10,5,True
8,361,beta,8.959340999979304,0.015,10,5,True
8,362,alpha,7.311102000016945,0.015,10,5,True
8,363,beta,3.3564589999741656,0.015,10,5,True
8,364,alpha,7.254475999985743,0.015,10,5,True
8,365,beta,0.9125140000207921,0.015,10,5,True
8,366,alpha,6.416602999991028,0.015,10,5,True
8,367,beta,6.438212999995585,0.015,10,5,True
8,368,alpha,12.302105000003394,0.015,10,5,True
8,369,beta,6.427731000002268,0.015,10,5,True
8,370,alpha,6.469615000014528,0.015,10,5,True
8,371,beta,6.50153099999784,0.015,10,5,True
8,372,alpha,6.554364999999507,0.015,10,5,True
8,373,beta,6.471787000009499,0.015,10,5,True
8,374,alpha,6.590862999985347,0.015,10,5,True
8,375,beta,0.8188799999970797,0.015,10,5,True
8,376,alpha,6.820129999994151,0.015,10,5,True
8,377,beta,9.351093000020683,0.015,10,5,True
8,378,alpha,6.877105000000938,0.015,10,5,True
8,379,beta,6.862166999979991,0.015,10,5,True
8,380,alpha,4.373181000005388,0.015,10,5,True
8,381,beta,6.86783399999058,0.015,10,5,True
8,382,alpha,7.114533000020629,0.015,10,5,True
8,383,beta,7.135495999989416,0.015,10,5,True
8,384,alpha,7.239385000019638,0.015,10,5,True
8,385,beta,10.14231299998869,0.015,10,5,True
8,386,alpha,7.445594999978766,0.015,10,5,True
8,387,beta,7.604216999993696,0.015,10,5,True
8,388,alpha,4.832065000016428,0.015,10,5,True
8,389,beta,7.856921000012562,0.015,10,5,True
8,390,alpha,7.790599999992764,0.015,10,5,True
8,391,beta,7.884157999995978,0.015,10,5,True
8,392,alpha,7.832105999995065,0.015,10,5,True
8,393,beta,7.816869000009774,0.015,10,5,True
8,394,alpha,7.702093999995441,0.015,10,5,True
8,395,beta,7.523822999985441,0.015,10,5,True
8,396,alpha,7.603874000011501,0.015,10,5,True
8,397,beta,7.475103000018635,0.015,10,5,True
8,398,alpha,16.662474000014527,0.015,10,5,True
8,399,beta,12.716302999990603,0.015,10,5,True
8,400,alpha,6.933628000012959,0.015,10,5,True
8,401,beta,4.290768999993588,0.015,10,5,True
8,402,alpha,7.544279999990522,0.015,10,5,True
8,403,beta,31.23642700001028,0.015,10,5,True
8,404,alpha,7.222526000020935,0.015,10,5,True
8,405,beta,3.6993219999885696,0.015,10,5,True
8,406,alpha,0.7446250000100463,0.015,10,5,True
8,407,beta,7.985762000004115,0.015,10,5,True
8,408,alpha,6.294521999990366,0.015,10,5,True
8,409,beta,15.188997000024074,0.015,10,5,True
8,410,alpha,8.534710000020596,0.015,10,5,True
8,411,beta,4.890810999995665,0.015,10,5,True
8,412,alpha,6.088658000010128,0.015,10,5,True
8,413,beta,7.958965000000262,0.015,10,5,True
8,414,alpha,4.934602999981053,0.015,10,5,True
8,415,beta,11.264772999993511,0.015,10,5,True
8,416,alpha,11.65939800000615,0.015,10,5,True
8,417,beta,4.599909000006619,0.015,10,5,True
8,418,alpha,7.191732999984879,0.015,10,5,True
8,419,beta,0.71575699999471,0.015,10,5,True
8,420,alpha,4.531467999981942,0.015,10,5,True
8,421,beta,11.435825000006616,0.015,10,5,True
8,422,alpha,4.391940000004979,0.015,10,5,True
8,423,beta,11.550228000004381,0.015,10,5,True
8,424,alpha,4.220837999980631,0.015,10,5,True
8,425,beta,4.352033999992955,0.015,10,5,True
8,426,alpha,4.629166999990275,0.015,10,5,True
8,427,beta,4.682865000006586,0.015,10,5,True
8,428,alpha,11.682758999995713,0.015,10,5,True
8,429,beta,8.485024999998814,0.015,10,5,True
8,430,alpha,8.5367700000063,0.015,10,5,True
8,431,beta,5.249515999992127,0.015,10,5,True
8,432,alpha,8.399847999982057,0.015,10,5,True
8,433,beta,18.29908499999533,0.015,10,5,True
8,434,alpha,7.9621600000052695,0.015,10,5,True
8,435,beta,7.906362999989369,0.015,10,5,True
8,436,alpha,7.977991000018392,0.015,10,5,True
8,437,beta,7.784017999995285,0.015,10,5,True
8,438,alpha,7.968371000004026,0.015,10,5,True
8,439,beta,10.946055999994542,0.015,10,5,True
8,440,alpha,0.8859619999839197,0.015,10,5,True
8,441,beta,7.512506000011854,0.015,10,5,True
8,442,alpha,15.000597000010885,0.015,10,5,True
8,443,beta,4.6279339999841795,0.015,10,5,True
8,444,alpha,5.566053000023885,0.015,10,5,True
8,445,beta,13.875848999987284,0.015,10,5,True
8,446,alpha,8.829380999998193,0.015,10,5,True
8,447,beta,4.459155000006376,0.015,10,5,True
8,448,alpha,4.557701000010184,0.015,10,5,True
8,449,beta,4.4656449999820325,0.015,10,5,True
8,450,alpha,7.6446299999872735,0.015,10,5,True
8,451,beta,8.48524599999223,0.015,10,5,True
8,452,alpha,3.9097690000176044,0.015,10,5,True
8,453,beta,10.510325000012699,0.015,10,5,True
8,454,alpha,10.581746000013936,0.015,10,5,True
8,455,beta,7.659068999998908,0.015,10,5,True
8,456,alpha,11.055364000014833,0.015,10,5,True
8,457,beta,4.717158000005384,0.015,10,5,True
8,458,alpha,8.024344000006067,0.015,10,5,True
8,459,beta,9.239793999995527,0.015,10,5,True
8,460,alpha,1.1096759999986716,0.015,10,5,True
8,461,beta,8.258679000022084,0.015,10,5,True
8,462,alpha,8.298945000007052,0.015,10,5,True
8,463,beta,8.401230999993459,0.015,10,5,True
8,464,alpha,8.516731000014488,0.015,10,5,True
8,465,beta,8.759240000017599,0.015,10,5,True
8,466,alpha,8.576390000001766,0.015,10,5,True
8,467,beta,8.442027000000962,0.015,10,5,True
8,468,alpha,8.585134000014705,0.015,10,5,True
8,469,beta,11.370663999997532,0.015,10,5,True
8,470,alpha,7.939974999999322,0.015,10,5,True
8,471,beta,7.859821000010925,0.015,10,5,True
8,472,alpha,15.311158999992358,0.015,10,5,True
8,473,beta,7.940781000002062,0.015,10,5,True
8,474,alpha,11.952653000008695,0.015,10,5,True
8,475,beta,4.384442999992189,0.015,10,5,True
8,476,alpha,5.6750870000144005,0.015,10,5,True
8,477,beta,7.352943999990202,0.015,10,5,True
8,478,alpha,4.435577000009516,0.015,10,5,True
8,479,beta,4.4921980000083295,0.015,10,5,True
8,480,alpha,8.13774200000239,0.015,10,5,True
8,481,beta,8.313049999998157,0.015,10,5,True
8,482,alpha,8.349645999999211,0.015,10,5,True
8,483,beta,8.331220999991729,0.015,10,5,True
8,484,alpha,8.389294000011205,0.015,10,5,True
8,485,beta,8.370027999973217,0.015,10,5,True
8,486,alpha,8.237441999995099,0.015,10,5,True
8,487,beta,8.239931000019851,0.015,10,5,True
8,488,alpha,8.091001999986247,0.015,10,5,True
8,489,beta,8.00910999998905,0.015,10,5,True
8,490,alpha,8.009750000013582,0.015,10,5,True
8,491,beta,8.004037999995717,0.015,10,5,True
8,492,alpha,7.983673000012459,0.015,10,5,True
8,493,beta,7.984191000019791,0.015,10,5,True
8,494,alpha,7.951536999996733,0.015,10,5,True
8,495,beta,7.8270889999885185,0.015,10,5,True
8,496,alpha,7.947498999982372,0.015,10,5,True
8,497,beta,8.868043000006764,0.015,10,5,True
8,498,alpha,6.8956309999919085,0.015,10,5,True
8,499,beta,7.742973000006259,0.015,10,5,True
