concurrency,cost_usd,index,input_tokens,latency_ms,output_tokens,success,tenant
1,0.015,0,10,2.366027999983089,5,True,alpha
1,0.015,1,10,0.2107230000092386,5,True,beta
1,0.015,2,10,0.16744000004109694,5,True,alpha
1,0.015,3,10,0.1121120000107112,5,True,beta
1,0.015,4,10,0.1532930000394117,5,True,alpha
1,0.015,5,10,0.12408999998569925,5,True,beta
1,0.015,6,10,0.14192399999046756,5,True,alpha
1,0.015,7,10,0.11415000005854381,5,True,beta
1,0.015,8,10,0.13893400000597467,5,True,alpha
1,0.015,9,10,0.12182800003301963,5,True,beta
1,0.015,10,10,0.14264400010688405,5,True,alpha
1,0.015,11,10,0.17898399994464853,5,True,beta
1,0.015,12,10,0.21587899993846804,5,True,alpha
1,0.015,13,10,0.11915699997189222,5,True,beta
1,0.015,14,10,0.15101000008144183,5,True,alpha
1,0.015,15,10,0.12023299996144488,5,True,beta
1,0.015,16,10,0.15492299996822112,5,True,alpha
1,0.015,17,10,0.14889199997014657,5,True,beta
1,0.015,18,10,0.16529800006992446,5,True,alpha
1,0.015,19,10,0.14640399990639708,5,True,beta
1,0.015,20,10,0.1570890000266445,5,True,alpha
1,0.015,21,10,0.12750300004427118,5,True,beta
1,0.015,22,10,0.15616700000009587,5,True,alpha
1,0.015,23,10,0.1739079999651949,5,True,beta
1,0.015,24,10,0.18444099998760066,5,True,alpha
1,0.015,25,10,0.13657799991051434,5,True,beta
1,0.015,26,10,0.16870600006768655,5,True,alpha
1,0.015,27,10,0.13836700009051128,5,True,beta
1,0.015,28,10,0.17829099999744358,5,True,alpha
1,0.015,29,10,0.16813300010198873,5,True,beta
1,0.015,30,10,0.1906400000279973,5,True,alpha
1,0.015,31,10,0.14393200001450168,5,True,beta
1,0.015,32,10,0.17887699993934802,5,True,alpha
1,0.015,33,10,0.14659099997516023,5,True,beta
1,0.015,34,10,0.18462399998497858,5,True,alpha
1,0.015,35,10,0.15171200004715502,5,True,beta
1,0.015,36,10,0.333116999968297,5,True,alpha
1,0.015,37,10,0.20557400000598136,5,True,beta
1,0.015,38,10,0.21072500010177464,5,True,alpha
1,0.015,39,10,0.2005709999366445,5,True,beta
1,0.015,40,10,0.20185200003197679,5,True,alpha
1,0.015,41,10,0.16194199997698888,5,True,beta
1,0.015,42,10,0.212691999990966,5,True,alpha
1,0.015,43,10,0.15435800003160693,5,True,beta
1,0.015,44,10,0.22737699998742755,5,True,alpha
1,0.015,45,10,0.18791699994835653,5,True,beta
1,0.015,46,10,0.22796999996899103,5,True,alpha
1,0.015,47,10,0.17793500001062057,5,True,beta
1,0.015,48,10,0.2202070000976164,5,True,alpha
1,0.015,49,10,0.20360500002425397,5,True,beta
1,0.015,50,10,0.20451400007459597,5,True,alpha
1,0.015,51,10,0.17132200002833997,5,True,beta
1,0.015,52,10,0.20063900001332513,5,True,alpha
1,0.015,53,10,0.22024099996542645,5,True,beta
1,0.015,54,10,0.2844360000153756,5,True,alpha
1,0.015,55,10,0.18023199993422168,5,True,beta
1,0.015,56,10,0.21356499996727507,5,True,alpha
1,0.015,57,10,0.20116899997901783,5,True,beta
1,0.015,58,10,0.2121679999618209,5,True,alpha
1,0.015,59,10,0.18254199994771625,5,True,beta
1,0.015,60,10,0.2176710000867388,5,True,alpha
1,0.015,61,10,0.20675600001140992,5,True,beta
1,0.015,62,10,0.24477900001329544,5,True,alpha
1,0.015,63,10,0.18773099998270482,5,True,beta
1,0.015,64,10,0.2181080000127622,5,True,alpha
1,0.015,65,10,0.19345099997281068,5,True,beta
1,0.015,66,10,0.24569700008214568,5,True,alpha
1,0.015,67,10,0.199682000015855,5,True,beta
1,0.015,68,10,0.21646100003636093,5,True,alpha
1,0.015,69,10,0.19433800002843782,5,True,beta
1,0.015,70,10,0.2609509999729198,5,True,alpha
1,0.015,71,10,0.23007400000096823,5,True,beta
1,0.015,72,10,0.22830000000340078,5,True,alpha
1,0.015,73,10,0.1955709999492683,5,True,beta
1,0.015,74,10,0.2321640000673142,5,True,alpha
1,0.015,75,10,0.22442900001351518,5,True,beta
1,0.015,76,10,0.24954999992132798,5,True,alpha
1,0.015,77,10,0.21187899994856707,5,True,beta
1,0.015,78,10,0.23215500004880596,5,True,alpha
1,0.015,79,10,0.23346699992998765,5,True,beta
1,0.015,80,10,0.23338500000136264,5,True,alpha
1,0.015,81,10,0.23549700006242347,5,True,beta
1,0.015,82,10,0.23638200002551457,5,True,alpha
1,0.015,83,10,0.22592899995288462,5,True,beta
1,0.015,84,10,0.2370939999991606,5,True,alpha
1,0.015,85,10,0.233711000078074,5,True,beta
1,0.015,86,10,0.30446499999925436,5,True,alpha
1,0.015,87,10,0.2940330000456015,5,True,beta
1,0.015,88,10,0.2673100000265549,5,True,alpha
1,0.015,89,10,0.2543439999271868,5,True,beta
1,0.015,90,10,0.2916509999977279,5,True,alpha
1,0.015,91,10,0.24264199998924596,5,True,beta
1,0.015,92,10,0.3149619999476272,5,True,alpha
1,0.015,93,10,0.22855699990032008,5,True,beta
1,0.015,94,10,0.3065900000365218,5,True,alpha
1,0.015,95,10,0.3103770000052464,5,True,beta
1,0.015,96,10,0.35685900002135895,5,True,alpha
1,0.015,97,10,0.30119400003059127,5,True,beta
1,0.015,98,10,0.321078999945712,5,True,alpha
1,0.015,99,10,0.29202099995018216,5,True,beta
1,0.015,100,10,0.3670129999591154,5,True,alpha
1,0.015,101,10,0.30144400000153837,5,True,beta
1,0.015,102,10,0.3263170000309401,5,True,alpha
1,0.015,103,10,0.2682269999922937,5,True,beta
1,0.015,104,10,0.3105900000264228,5,True,alpha
1,0.015,105,10,0.2613530000417086,5,True,beta
1,0.015,106,10,0.30397000000448315,5,True,alpha
1,0.015,107,10,0.26848599998174905,5,True,beta
1,0.015,108,10,0.30497400007334363,5,True,alpha
1,0.015,109,10,0.29119600003468804,5,True,beta
1,0.015,110,10,0.30945299999984854,5,True,alpha
1,0.015,111,10,0.25157200002468016,5,True,beta
1,0.015,112,10,0.31462499998724525,5,True,alpha
1,0.015,113,10,0.2925490000507125,5,True,beta
1,0.015,114,10,0.30739299995730107,5,True,alpha
1,0.015,115,10,0.2683590000742697,5,True,beta
1,0.015,116,10,0.332967999952416,5,True,alpha
1,0.015,117,10,0.26142799993067456,5,True,beta
1,0.015,118,10,0.30744900004719966,5,True,alpha
1,0.015,119,10,0.3466720000915302,5,True,beta
1,0.015,120,10,0.2950279999822669,5,True,alpha
1,0.015,121,10,0.26944199998979457,5,True,beta
1,0.015,122,10,0.3191060000062862,5,True,alpha
1,0.015,123,10,0.3645099999403101,5,True,beta
1,0.015,124,10,0.30923600002097373,5,True,alpha
1,0.015,125,10,0.3074600000445571,5,True,beta
1,0.015,126,10,0.30256100001224695,5,True,alpha
1,0.015,127,10,0.2749049999692943,5,True,beta
1,0.015,128,10,0.3248409999514479,5,True,alpha
1,0.015,129,10,0.2889469999445282,5,True,beta
1,0.015,130,10,0.4114209999670493,5,True,alpha
1,0.015,131,10,0.3531239999574609,5,True,beta
1,0.015,132,10,0.38373799998225877,5,True,alpha
1,0.015,133,10,0.37127400003100774,5,True,beta
1,0.015,134,10,0.3744250000181637,5,True,alpha
1,0.015,135,10,0.3384430000323846,5,True,beta
1,0.015,136,10,0.3996379999762212,5,True,alpha
1,0.015,137,10,0.3393329999425987,5,True,beta
1,0.015,138,10,0.3875830000197311,5,True,alpha
1,0.015,139,10,0.40149699998437427,5,True,beta
1,0.015,140,10,0.379602999942108,5,True,alpha
1,0.015,141,10,0.3743339999573436,5,True,beta
1,0.015,142,10,0.4605569999966974,5,True,alpha
1,0.015,143,10,0.3395390000378029,5,True,beta
1,0.015,144,10,0.38921099996969133,5,True,alpha
1,0.015,145,10,0.3932800000256975,5,True,beta
1,0.015,146,10,0.48816900005022035,5,True,alpha
1,0.015,147,10,0.3575509999791393,5,True,beta
1,0.015,148,10,0.49503399998229725,5,True,alpha
1,0.015,149,10,0.5155879999847457,5,True,beta
1,0.015,150,10,0.5606030000535611,5,True,alpha
1,0.015,151,10,0.378542000021298,5,True,beta
1,0.015,152,10,0.4292050000458403,5,True,alpha
1,0.015,153,10,0.40588299998489674,5,True,beta
1,0.015,154,10,0.41203400007816526,5,True,alpha
1,0.015,155,10,0.32573999999385705,5,True,beta
1,0.015,156,10,0.3489370000124836,5,True,alpha
1,0.015,157,10,0.33772500000850414,5,True,beta
1,0.015,158,10,0.362083000027269,5,True,alpha
1,0.015,159,10,0.3222770000093078,5,True,beta
1,0.015,160,10,0.3824350000058985,5,True,alpha
1,0.015,161,10,0.32767799996236135,5,True,beta
1,0.015,162,10,0.35707899996850756,5,True,alpha
1,0.015,163,10,0.34556900004645286,5,True,beta
1,0.015,164,10,0.388600999940536,5,True,alpha
1,0.015,165,10,0.3699079999250898,5,True,beta
1,0.015,166,10,0.375372000007701,5,True,alpha
1,0.015,167,10,0.33372200005032937,5,True,beta
1,0.015,168,10,0.3872949999959019,5,True,alpha
1,0.015,169,10,0.3652780000038547,5,True,beta
1,0.015,170,10,0.37207900004432304,5,True,alpha
1,0.015,171,10,0.35722299992357875,5,True,beta
1,0.015,172,10,0.3659569999854284,5,True,alpha
1,0.015,173,10,0.44347100003960804,5,True,beta
1,0.015,174,10,0.5324979999841162,5,True,alpha
1,0.015,175,10,0.45607599997765647,5,True,beta
1,0.015,176,10,0.44400399997357454,5,True,alpha
1,0.015,177,10,0.44651399991835206,5,True,beta
1,0.015,178,10,0.44451499991282617,5,True,alpha
1,0.015,179,10,0.43165500005670765,5,True,beta
1,0.015,180,10,0.46084699999937584,5,True,alpha
1,0.015,181,10,0.4407860000128494,5,True,beta
1,0.015,182,10,0.46944199993959046,5,True,alpha
1,0.015,183,10,0.4331559999855017,5,True,beta
1,0.015,184,10,0.5031220000546455,5,True,alpha
1,0.015,185,10,0.455280999972274,5,True,beta
1,0.015,186,10,0.5069269999466997,5,True,alpha
1,0.015,187,10,0.584679999974469,5,True,beta
1,0.015,188,10,0.5618069999400177,5,True,alpha
1,0.015,189,10,0.4920029999766484,5,True,beta
1,0.015,190,10,0.5574760000399692,5,True,alpha
1,0.015,191,10,0.47818899997764674,5,True,beta
1,0.015,192,10,0.4743069999904037,5,True,alpha
1,0.015,193,10,0.430167999979858,5,True,beta
1,0.015,194,10,0.42631500002698886,5,True,alpha
1,0.015,195,10,0.43292899999869405,5,True,beta
1,0.015,196,10,0.4956760000141003,5,True,alpha
1,0.015,197,10,0.47101500001645036,5,True,beta
1,0.015,198,10,0.5084660000420627,5,True,alpha
1,0.015,199,10,0.42719700002180616,5,True,beta
1,0.015,200,10,0.4327980000198295,5,True,alpha
1,0.015,201,10,0.5463999999619773,5,True,beta
1,0.015,202,10,0.5178989999876649,5,True,alpha
1,0.015,203,10,0.46421800004736724,5,True,beta
1,0.015,204,10,0.5240200000571349,5,True,alpha
1,0.015,205,10,0.48135499991985853,5,True,beta
1,0.015,206,10,0.49098900001354195,5,True,alpha
1,0.015,207,10,0.5070680000471839,5,True,beta
1,0.015,208,10,0.49329800003761193,5,True,alpha
1,0.015,209,10,0.4789380000147503,5,True,beta
1,0.015,210,10,0.511115999984213,5,True,alpha
1,0.015,211,10,0.5179949999956079,5,True,beta
1,0.015,212,10,0.5004140000437474,5,True,alpha
1,0.015,213,10,0.48712199998135475,5,True,beta
1,0.015,214,10,0.539757000069585,5,True,alpha
1,0.015,215,10,0.5628779999824474,5,True,beta
1,0.015,216,10,0.5127590000029159,5,True,alpha
1,0.015,217,10,0.4966729999296149,5,True,beta
1,0.015,218,10,0.5176759999585556,5,True,alpha
1,0.015,219,10,0.5158440000059272,5,True,beta
1,0.015,220,10,0.5225849999987986,5,True,alpha
1,0.015,221,10,0.5263500000864951,5,True,beta
1,0.015,222,10,0.5530359999283974,5,True,alpha
1,0.015,223,10,0.5178630000273188,5,True,beta
1,0.015,224,10,0.5432860000382789,5,True,alpha
1,0.015,225,10,0.4884670000819824,5,True,beta
1,0.015,226,10,0.5456560000993704,5,True,alpha
1,0.015,227,10,0.5200420000619488,5,True,beta
1,0.015,228,10,0.5570499999976164,5,True,alpha
1,0.015,229,10,0.508809000052679,5,True,beta
1,0.015,230,10,0.5744690000710762,5,True,alpha
1,0.015,231,10,0.5045940000627525,5,True,beta
1,0.015,232,10,0.6213999999999942,5,True,alpha
1,0.015,233,10,0.529563999975835,5,True,beta
1,0.015,234,10,0.5363980000083757,5,True,alpha
1,0.015,235,10,0.651044999926853,5,True,beta
1,0.015,236,10,0.5873490000567472,5,True,alpha
1,0.015,237,10,0.5645909999429932,5,True,beta
1,0.015,238,10,0.5671909999591662,5,True,alpha
1,0.015,239,10,0.5093839999972261,5,True,beta
1,0.015,240,10,0.5714619999253046,5,True,alpha
1,0.015,241,10,0.5125600000610575,5,True,beta
1,0.015,242,10,0.5745920000208571,5,True,alpha
1,0.015,243,10,0.5566840000028606,5,True,beta
1,0.015,244,10,0.5777110000053653,5,True,alpha
1,0.015,245,10,0.535394000053202,5,True,beta
1,0.015,246,10,0.5930780000653613,5,True,alpha
1,0.015,247,10,0.5631420000327125,5,True,beta
1,0.015,248,10,0.5604039999980159,5,True,alpha
1,0.015,249,10,0.5509149999625151,5,True,beta
1,0.015,250,10,0.6012610000425411,5,True,alpha
1,0.015,251,10,0.5489939999279159,5,True,beta
1,0.015,252,10,0.6061020000061035,5,True,alpha
1,0.015,253,10,0.5402020000246921,5,True,beta
1,0.015,254,10,0.5941819999861764,5,True,alpha
1,0.015,255,10,0.5400030000828338,5,True,beta
1,0.015,256,10,0.6197370000791125,5,True,alpha
1,0.015,257,10,0.6073750000723521,5,True,beta
1,0.015,258,10,0.5761259999417234,5,True,alpha
1,0.015,259,10,0.678870999990977,5,True,beta
1,0.015,260,10,0.6028760000162947,5,True,alpha
1,0.015,261,10,0.5587730000797819,5,True,beta
1,0.015,262,10,0.6020859999580352,5,True,alpha
1,0.015,263,10,0.6289599999718121,5,True,beta
1,0.015,264,10,0.5834329999743204,5,True,alpha
1,0.015,265,10,0.5303000000367319,5,True,beta
1,0.015,266,10,0.6075229999851217,5,True,alpha
1,0.015,267,10,0.581877999934477,5,True,beta
1,0.015,268,10,0.6558430000040971,5,True,alpha
1,0.015,269,10,0.6098270000620687,5,True,beta
1,0.015,270,10,0.681550000081188,5,True,alpha
1,0.015,271,10,0.5708410000124786,5,True,beta
1,0.015,272,10,0.6220349999921382,5,True,alpha
1,0.015,273,10,0.6023889999369203,5,True,beta
1,0.015,274,10,0.6916329999739901,5,True,alpha
1,0.015,275,10,0.5934040000283858,5,True,beta
1,0.015,276,10,0.6524430000354187,5,True,alpha
1,0.015,277,10,0.5735459999414161,5,True,beta
1,0.015,278,10,0.6624439999995957,5,True,alpha
1,0.015,279,10,0.7413380000116376,5,True,beta
1,0.015,280,10,0.6185110000842542,5,True,alpha
1,0.015,281,10,0.6129839999857722,5,True,beta
1,0.015,282,10,0.6779340000093725,5,True,alpha
1,0.015,283,10,0.6453319999764062,5,True,beta
1,0.015,284,10,0.6784240000570207,5,True,alpha
1,0.015,285,10,0.5867369999350558,5,True,beta
1,0.015,286,10,0.6287090000114404,5,True,alpha
1,0.015,287,10,0.6227299999181923,5,True,beta
1,0.015,288,10,0.6641740000077334,5,True,alpha
1,0.015,289,10,0.6500699998923665,5,True,beta
1,0.015,290,10,0.6607159999703072,5,True,alpha
1,0.015,291,10,0.5984470000157671,5,True,beta
1,0.015,292,10,0.6535759999906077,5,True,alpha
1,0.015,293,10,0.6242080000902206,5,True,beta
1,0.015,294,10,0.6991660000039701,5,True,alpha
1,0.015,295,10,0.6255959999634797,5,True,beta
1,0.015,296,10,0.6610570000020743,5,True,alpha
1,0.015,297,10,0.6246579999924506,5,True,beta
1,0.015,298,10,0.666358999978911,5,True,alpha
1,0.015,299,10,0.6394190000946764,5,True,beta
1,0.015,300,10,0.6785580000041591,5,True,alpha
1,0.015,301,10,0.6322659999113966,5,True,beta
1,0.015,302,10,0.7038080000256741,5,True,alpha
1,0.015,303,10,0.6505220000008194,5,True,beta
1,0.015,304,10,0.7522540000763911,5,True,alpha
1,0.015,305,10,0.7348870000214447,5,True,beta
1,0.015,306,10,0.8560530000067956,5,True,alpha
1,0.015,307,10,0.6387969999650522,5,True,beta
1,0.015,308,10,0.6870189999972354,5,True,alpha
1,0.015,309,10,0.6775909999987562,5,True,beta
1,0.015,310,10,0.7026910000149655,5,True,alpha
1,0.015,311,10,0.6878600000845836,5,True,beta
1,0.015,312,10,0.778943000000254,5,True,alpha
1,0.015,313,10,0.694901999963804,5,True,beta
1,0.015,314,10,0.7221729999855597,5,True,alpha
1,0.015,315,10,0.6457900000214067,5,True,beta
1,0.015,316,10,0.8257179999873188,5,True,alpha
1,0.015,317,10,0.6862980000050811,5,True,beta
1,0.015,318,10,0.6796239999857789,5,True,alpha
1,0.015,319,10,0.8017440000003262,5,True,beta
1,0.015,320,10,0.7682030000069062,5,True,alpha
1,0.015,321,10,0.7545060000211379,5,True,beta
1,0.015,322,10,0.7937249999940832,5,True,alpha
1,0.015,323,10,0.7203070000514344,5,True,beta
1,0.015,324,10,0.7892039999433109,5,True,alpha
1,0.015,325,10,0.6816600000547623,5,True,beta
1,0.015,326,10,0.809814000035658,5,True,alpha
1,0.015,327,10,0.7097559999920122,5,True,beta
1,0.015,328,10,0.7320020000634031,5,True,alpha
1,0.015,329,10,0.6877429999576634,5,True,beta
1,0.015,330,10,0.7398669999929552,5,True,alpha
1,0.015,331,10,0.7297780000499188,5,True,beta
1,0.015,332,10,0.793015999988711,5,True,alpha
1,0.015,333,10,0.709472999915306,5,True,beta
1,0.015,334,10,0.7348660000161544,5,True,alpha
1,0.015,335,10,0.6809669999938706,5,True,beta
1,0.015,336,10,0.8183969999890905,5,True,alpha
1,0.015,337,10,0.6971999999905165,5,True,beta
1,0.015,338,10,0.7475429999885819,5,True,alpha
1,0.015,339,10,0.5889919999617632,5,True,beta
1,0.015,340,10,0.6304139999429026,5,True,alpha
1,0.015,341,10,0.6156599999940227,5,True,beta
1,0.015,342,10,0.6209679999074069,5,True,alpha
1,0.015,343,10,0.7029559999409685,5,True,beta
1,0.015,344,10,0.7882060000383717,5,True,alpha
1,0.015,345,10,0.6942329999901631,5,True,beta
1,0.015,346,10,0.751046999994287,5,True,alpha
1,0.015,347,10,0.6947059999902194,5,True,beta
1,0.015,348,10,0.667244000055689,5,True,alpha
1,0.015,349,10,0.6485780000957675,5,True,beta
1,0.015,350,10,0.6508870000061506,5,True,alpha
1,0.015,351,10,0.6770210000013321,5,True,beta
1,0.015,352,10,0.741248000053929,5,True,alpha
1,0.015,353,10,0.7486729999754971,5,True,beta
1,0.015,354,10,0.7941640000126426,5,True,alpha
1,0.015,355,10,0.7318930000792534,5,True,beta
1,0.015,356,10,0.7407969999349007,5,True,alpha
1,0.015,357,10,0.7383980000668089,5,True,beta
1,0.015,358,10,0.6929290000243782,5,True,alpha
1,0.015,359,10,0.694480999982261,5,True,beta
1,0.015,360,10,0.7868810000672966,5,True,alpha
1,0.015,361,10,1.0694490000560108,5,True,beta
1,0.015,362,10,0.8245939999369511,5,True,alpha
1,0.015,363,10,0.7635079999772643,5,True,beta
1,0.015,364,10,0.8044759999847884,5,True,alpha
1,0.015,365,10,0.7731089999651886,5,True,beta
1,0.015,366,10,0.7959419999679085,5,True,alpha
1,0.015,367,10,0.8188919999838618,5,True,beta
1,0.015,368,10,0.7958069999176587,5,True,alpha
1,0.015,369,10,0.7766769999761891,5,True,beta
1,0.015,370,10,0.800472000037189,5,True,alpha
1,0.015,371,10,0.7865069999297702,5,True,beta
1,0.015,372,10,0.8903020000161632,5,True,alpha
1,0.015,373,10,0.7822919999398437,5,True,beta
1,0.015,374,10,0.8589410000467979,5,True,alpha
1,0.015,375,10,0.7909899999276604,5,True,beta
1,0.015,376,10,0.7884760000251845,5,True,alpha
1,0.015,377,10,0.6813889999648381,5,True,beta
1,0.015,378,10,0.8054290000245601,5,True,alpha
1,0.015,379,10,0.8039949999556484,5,True,beta
1,0.015,380,10,0.9021769999435492,5,True,alpha
1,0.015,381,10,0.8233959999870422,5,True,beta
1,0.015,382,10,0.811726000051749,5,True,alpha
1,0.015,383,10,0.6346169999460471,5,True,beta
1,0.015,384,10,0.7243429998879947,5,True,alpha
1,0.015,385,10,0.656132000017351,5,True,beta
1,0.015,386,10,0.6759640000382205,5,True,alpha
1,0.015,387,10,0.6408870000313982,5,True,beta
1,0.015,388,10,0.6976380000196514,5,True,alpha
1,0.015,389,10,0.6574269999646276,5,True,beta
1,0.015,390,10,0.7053750000522996,5,True,alpha
1,0.015,391,10,0.6600689999913811,5,True,beta
1,0.015,392,10,0.6935540000085894,5,True,alpha
1,0.015,393,10,0.7925959999965926,5,True,beta
1,0.015,394,10,0.7919380000203091,5,True,alpha
1,0.015,395,10,0.7138220000797446,5,True,beta
1,0.015,396,10,0.753579999923204,5,True,alpha
1,0.015,397,10,0.660713999991458,5,True,beta
1,0.015,398,10,0.7326819999207146,5,True,alpha
1,0.015,399,10,0.6751109999640903,5,True,beta
1,0.015,400,10,0.718429999892578,5,True,alpha
1,0.015,401,10,0.7836319999796615,5,True,beta
1,0.015,402,10,0.8085480000090683,5,True,alpha
1,0.015,403,10,0.8482969999477064,5,True,beta
1,0.015,404,10,0.8859610001081819,5,True,alpha
1,0.015,405,10,0.8599360000971501,5,True,beta
1,0.015,406,10,0.8841229999916322,5,True,alpha
1,0.015,407,10,0.8041020000746357,5,True,beta
1,0.015,408,10,0.8122189999539842,5,True,alpha
1,0.015,409,10,0.8811550000018542,5,True,beta
1,0.015,410,10,0.9081179999839151,5,True,alpha
1,0.015,411,10,0.8152860000336659,5,True,beta
1,0.015,412,10,1.0787310000068828,5,True,alpha
1,0.015,413,10,0.940793000040685,5,True,beta
1,0.015,414,10,0.9891619999962131,5,True,alpha
1,0.015,415,10,0.8503919999611753,5,True,beta
1,0.015,416,10,0.9297140001081061,5,True,alpha
1,0.015,417,10,0.8627139999362043,5,True,beta
1,0.015,418,10,0.8643589999337564,5,True,alpha
1,0.015,419,10,0.9068880000313584,5,True,beta
1,0.015,420,10,0.8465939999950933,5,True,alpha
1,0.015,421,10,0.8173989999704645,5,True,beta
1,0.015,422,10,0.8554830000093716,5,True,alpha
1,0.015,423,10,0.7408980000036536,5,True,beta
1,0.015,424,10,0.9300570000050357,5,True,alpha
1,0.015,425,10,0.8572010000307273,5,True,beta
1,0.015,426,10,0.8773729999802526,5,True,alpha
1,0.015,427,10,0.9000980001019343,5,True,beta
1,0.015,428,10,0.9690879999197932,5,True,alpha
1,0.015,429,10,0.9270769999147888,5,True,beta
1,0.015,430,10,0.8722619999161907,5,True,alpha
1,0.015,431,10,1.074406000043382,5,True,beta
1,0.015,432,10,0.9497290000126668,5,True,alpha
1,0.015,433,10,0.8525319999534986,5,True,beta
1,0.015,434,10,0.9405280000009952,5,True,alpha
1,0.015,435,10,0.8861130000923367,5,True,beta
1,0.015,436,10,0.9528929999760294,5,True,alpha
1,0.015,437,10,0.8861660001002747,5,True,beta
1,0.015,438,10,0.9002330000384973,5,True,alpha
1,0.015,439,10,0.8781980000094336,5,True,beta
1,0.015,440,10,0.9920030000785118,5,True,alpha
1,0.015,441,10,1.022849999912978,5,True,beta
1,0.015,442,10,0.9596720000217829,5,True,alpha
1,0.015,443,10,0.9095980000211057,5,True,beta
1,0.015,444,10,0.9884180000199194,5,True,alpha
1,0.015,445,10,0.9292549999599942,5,True,beta
1,0.015,446,10,0.9752469999284585,5,True,alpha
1,0.015,447,10,0.924699999927725,5,True,beta
1,0.015,448,10,1.0928210000429317,5,True,alpha
1,0.015,449,10,0.9368249999397449,5,True,beta
1,0.015,450,10,0.9956220000049143,5,True,alpha
1,0.015,451,10,0.9209209999880841,5,True,beta
1,0.015,452,10,1.0125630000175079,5,True,alpha
1,0.015,453,10,1.0009619999209463,5,True,beta
1,0.015,454,10,0.9388180000087232,5,True,alpha
1,0.015,455,10,0.9782610000002023,5,True,beta
1,0.015,456,10,0.9477590000415148,5,True,alpha
1,0.015,457,10,0.9536750000052052,5,True,beta
1,0.015,458,10,0.9318470000607704,5,True,alpha
1,0.015,459,10,0.9233770000491859,5,True,beta
1,0.015,460,10,0.9382609999875058,5,True,alpha
1,0.015,461,10,0.9319770000502103,5,True,beta
1,0.015,462,10,0.9192390000407613,5,True,alpha
1,0.015,463,10,0.902602999985902,5,True,beta
1,0.015,464,10,1.05348799991134,5,True,alpha
1,0.015,465,10,0.9987700000237965,5,True,beta
1,0.015,466,10,0.9499360000972956,5,True,alpha
1,0.015,467,10,0.9168269999690892,5,True,beta
1,0.015,468,10,1.025661999960903,5,True,alpha
1,0.015,469,10,1.0582050000493837,5,True,beta
1,0.015,470,10,1.0626089999732358,5,True,alpha
1,0.015,471,10,1.021433000005345,5,True,beta
1,0.015,472,10,1.0632040000473353,5,True,alpha
1,0.015,473,10,1.30410299993855,5,True,beta
1,0.015,474,10,1.2754240000276695,5,True,alpha
1,0.015,475,10,1.4790899999752583,5,True,beta
1,0.015,476,10,1.3402550000591873,5,True,alpha
1,0.015,477,10,1.3373829999636655,5,True,beta
1,0.015,478,10,1.0619800000313262,5,True,alpha
1,0.015,479,10,1.1502049999307928,5,True,beta
1,0.015,480,10,1.2742750000143133,5,True,alpha
1,0.015,481,10,1.5330190000213406,5,True,beta
1,0.015,482,10,1.1680779999778679,5,True,alpha
1,0.015,483,10,1.1277989999598503,5,True,beta
1,0.015,484,10,1.1838219999162902,5,True,alpha
1,0.015,485,10,1.136047000045437,5,True,beta
1,0.015,486,10,1.2895020000769364,5,True,alpha
1,0.015,487,10,1.4980040000409645,5,True,beta
1,0.015,488,10,1.3746160000209784,5,True,alpha
1,0.015,489,10,1.2379869999676885,5,True,beta
1,0.015,490,10,1.357428999995136,5,True,alpha
1,0.015,491,10,1.2630899999521716,5,True,beta
1,0.015,492,10,1.1297329999706562,5,True,alpha
1,0.015,493,10,1.0253149999925881,5,True,beta
1,0.015,494,10,1.1173240000061924,5,True,alpha
1,0.015,495,10,1.026214999910735,5,True,beta
1,0.015,496,10,1.0100480000119205,5,True,alpha
1,0.015,497,10,1.0509930000353052,5,True,beta
1,0.015,498,10,1.0842230000207564,5,True,alpha
1,0.015,499,10,1.4407280000341416,5,True,beta
8,0.015,0,10,0.7412370000565716,5,True,alpha
8,0.015,1,10,6.311650000043301,5,True,beta
8,0.015,2,10,0.20634299994526373,5,True,alpha
8,0.015,3,10,0.12662899996485066,5,True,beta
8,0.015,4,10,0.14009099993472773,5,True,alpha
8,0.015,5,10,0.08041399996727705,5,True,beta
8,0.015,6,10,0.12681800001246302,5,True,alpha
8,0.015,7,10,0.10980100000779203,5,True,beta
8,0.015,8,10,0.6415139999944586,5,True,alpha
8,0.015,9,10,5.394445999968411,5,True,beta
8,0.015,10,10,4.502451000007568,5,True,alpha
8,0.015,11,10,5.457848999981252,5,True,beta
8,0.015,12,10,4.328388999965682,5,True,alpha
8,0.015,13,10,6.652540999994017,5,True,beta
8,0.015,14,10,5.416379999928722,5,True,alpha
8,0.015,15,10,3.3910460000470266,5,True,beta
8,0.015,16,10,3.454069999975218,5,True,alpha
8,0.015,17,10,3.295555000022432,5,True,beta
8,0.015,18,10,3.493755999897985,5,True,alpha
8,0.015,19,10,3.5699139999678664,5,True,beta
8,0.015,20,10,3.5739620000185823,5,True,alpha
8,0.015,21,10,3.6017490000403996,5,True,beta
8,0.015,22,10,3.665342000090277,5,True,alpha
8,0.015,23,10,4.872287000011966,5,True,beta
8,0.015,24,10,3.746543000033853,5,True,alpha
8,0.015,25,10,3.7298900000450885,5,True,beta
8,0.015,26,10,2.4828389999811407,5,True,alpha
8,0.015,27,10,4.947346999983893,5,True,beta
8,0.015,28,10,3.675848000057158,5,True,alpha
8,0.015,29,10,3.667562999908114,5,True,beta
8,0.015,30,10,2.342369999951188,5,True,alpha
8,0.015,31,10,3.5851609999326683,5,True,beta
8,0.015,32,10,4.716729999927338,5,True,alpha
8,0.015,33,10,3.5991810000268742,5,True,beta
8,0.015,34,10,5.932401999984904,5,True,alpha
8,0.015,35,10,2.2244049999926574,5,True,beta
8,0.015,36,10,2.4295679999113418,5,True,alpha
8,0.015,37,10,2.12862299997596,5,True,beta
8,0.015,38,10,5.8255970000118396,5,True,alpha
8,0.015,39,10,1.89938500000153,5,True,beta
8,0.015,40,10,2.8414419999762686,5,True,alpha
8,0.015,41,10,1.4934109999558132,5,True,beta
8,0.015,42,10,1.5239179999753105,5,True,alpha
8,0.015,43,10,1.5418450000197481,5,True,beta
8,0.015,44,10,4.1545690000930335,5,True,alpha
8,0.015,45,10,4.224876999955995,5,True,beta
8,0.015,46,10,1.6868590000740369,5,True,alpha
8,0.015,47,10,1.6232980000268071,5,True,beta
8,0.015,48,10,1.7241100000546794,5,True,alpha
8,0.015,49,10,1.6292389999534862,5,True,beta
8,0.015,50,10,3.033407000089028,5,True,alpha
8,0.015,51,10,3.0391159999680895,5,True,beta
8,0.015,52,10,3.1664729999647534,5,True,alpha
8,0.015,53,10,3.2330450000017663,5,True,beta
8,0.015,54,10,3.4093980000307056,5,True,alpha
8,0.015,55,10,3.406701000017165,5,True,beta
8,0.015,56,10,3.3576140000377563,5,True,alpha
8,0.015,57,10,3.3439520000229095,5,True,beta
8,0.015,58,10,3.5115440000481613,5,True,alpha
8,0.015,59,10,3.490183999929286,5,True,beta
8,0.015,60,10,3.577825000093071,5,True,alpha
8,0.015,61,10,3.4894679999979417,5,True,beta
8,0.015,62,10,4.631549000009727,5,True,alpha
8,0.015,63,10,3.445460999955685,5,True,beta
8,0.015,64,10,5.204062000075282,5,True,alpha
8,0.015,65,10,2.301339999917218,5,True,beta
8,0.015,66,10,3.389039000012417,5,True,alpha
8,0.015,67,10,3.4944150000910668,5,True,beta
8,0.015,68,10,4.924298999981147,5,True,alpha
8,0.015,69,10,6.640193000066574,5,True,beta
8,0.015,70,10,3.5046880000209057,5,True,alpha
8,0.015,71,10,0.3631719999930283,5,True,beta
8,0.015,72,10,2.3040920000312326,5,True,alpha
8,0.015,73,10,3.5433720000810354,5,True,beta
8,0.015,74,10,6.1827470000253015,5,True,alpha
8,0.015,75,10,6.638799000029394,5,True,beta
8,0.015,76,10,3.01077599999644,5,True,alpha
8,0.015,77,10,2.0603679998885127,5,True,beta
8,0.015,78,10,4.922224999972968,5,True,alpha
8,0.015,79,10,1.78818400002001,5,True,beta
8,0.015,80,10,1.933538999992379,5,True,alpha
8,0.015,81,10,2.1644729999934498,5,True,beta
8,0.015,82,10,3.703837999978532,5,True,alpha
8,0.015,83,10,3.730603000008159,5,True,beta
8,0.015,84,10,4.523708000078841,5,True,alpha
8,0.015,85,10,3.6006189999397975,5,True,beta
8,0.015,86,10,5.973922000066523,5,True,alpha
8,0.015,87,10,4.155477999916002,5,True,beta
8,0.015,88,10,5.340635000038674,5,True,alpha
8,0.015,89,10,5.626273000075344,5,True,beta
8,0.015,90,10,1.998184999933983,5,True,alpha
8,0.015,91,10,2.0976779999273276,5,True,beta
8,0.015,92,10,2.199174999987008,5,True,alpha
8,0.015,93,10,4.661370999997416,5,True,beta
8,0.015,94,10,7.5410279999914565,5,True,alpha
8,0.015,95,10,4.193653000015729,5,True,beta
8,0.015,96,10,4.375320000008287,5,True,alpha
8,0.015,97,10,2.562662999935128,5,True,beta
8,0.015,98,10,7.211478000044735,5,True,alpha
8,0.015,99,10,5.546713999933672,5,True,beta
8,0.015,100,10,3.8837580000290473,5,True,alpha
8,0.015,101,10,2.228848000072503,5,True,beta
8,0.015,102,10,2.3375879999321114,5,True,alpha
8,0.015,103,10,3.9505839999947057,5,True,beta
8,0.015,104,10,0.392470999940997,5,True,alpha
8,0.015,105,10,5.630298000028233,5,True,beta
8,0.015,106,10,5.750276999947346,5,True,alpha
8,0.015,107,10,4.239145000042299,5,True,beta
8,0.015,108,10,2.570236999986264,5,True,alpha
8,0.015,109,10,4.76043399999071,5,True,beta
8,0.015,110,10,2.165199000046414,5,True,alpha
8,0.015,111,10,4.2485850000275605,5,True,beta
8,0.015,112,10,4.26950900009615,5,True,alpha
8,0.015,113,10,4.300778000015271,5,True,beta
8,0.015,114,10,4.170595999994475,5,True,alpha
8,0.015,115,10,4.287663000013708,5,True,beta
8,0.015,116,10,4.422202000000652,5,True,alpha
8,0.015,117,10,4.382135000014387,5,True,beta
8,0.015,118,10,4.4402119999631395,5,True,alpha
8,0.015,119,10,4.27512300007038,5,True,beta
8,0.015,120,10,4.308493000053204,5,True,alpha
8,0.015,121,10,4.532999000048221,5,True,beta
8,0.015,122,10,4.655525000089256,5,True,alpha
8,0.015,123,10,4.5930400000315785,5,True,beta
8,0.015,124,10,4.644847999998092,5,True,alpha
8,0.015,125,10,4.645615000072212,5,True,beta
8,0.015,126,10,4.65475900000456,5,True,alpha
8,0.015,127,10,8.659935000082442,5,True,beta
8,0.015,128,10,4.802659000006315,5,True,alpha
8,0.015,129,10,4.6681649999982255,5,True,beta
8,0.015,130,10,4.634969999983696,5,True,alpha
8,0.015,131,10,4.581696999935048,5,True,beta
8,0.015,132,10,4.3955419999974765,5,True,alpha
8,0.015,133,10,4.547270999978537,5,True,beta
8,0.015,134,10,0.6001529999366539,5,True,alpha
8,0.015,135,10,8.575952999990477,5,True,beta
8,0.015,136,10,6.081086999984109,5,True,alpha
8,0.015,137,10,4.489895000006072,5,True,beta
8,0.015,138,10,4.474293000043872,5,True,alpha
8,0.015,139,10,2.8568999999833977,5,True,beta
8,0.015,140,10,4.7763040000745605,5,True,alpha
8,0.015,141,10,4.674387000022762,5,True,beta
8,0.015,142,10,0.6148290000282941,5,True,alpha
8,0.015,143,10,6.698276000065562,5,True,beta
8,0.015,144,10,4.873129999964476,5,True,alpha
8,0.015,145,10,4.946432999986428,5,True,beta
8,0.015,146,10,3.116916000067249,5,True,alpha
8,0.015,147,10,5.1698479999231495,5,True,beta
8,0.015,148,10,5.000181000013981,5,True,alpha
8,0.015,149,10,7.135482999956366,5,True,beta
8,0.015,150,10,7.3658310000155325,5,True,alpha
8,0.015,151,10,4.738492000001315,5,True,beta
8,0.015,152,10,4.936001000032775,5,True,alpha
8,0.015,153,10,2.7488869999388044,5,True,beta
8,0.015,154,10,8.523475000060898,5,True,alpha
8,0.015,155,10,4.856002000110493,5,True,beta
8,0.015,156,10,6.695472999922458,5,True,alpha
8,0.015,157,10,5.173859000024095,5,True,beta
8,0.015,158,10,3.2275129999561614,5,True,alpha
8,0.015,159,10,5.493215000001328,5,True,beta
8,0.015,160,10,2.7193690000331117,5,True,alpha
8,0.015,161,10,4.973937000045225,5,True,beta
8,0.015,162,10,4.973255999971116,5,True,alpha
8,0.015,163,10,5.103771999984019,5,True,beta
8,0.015,164,10,5.082826000034402,5,True,alpha
8,0.015,165,10,5.133466999950542,5,True,beta
8,0.015,166,10,5.29363199996169,5,True,alpha
8,0.015,167,10,5.417741999963255,5,True,beta
8,0.015,168,10,7.5893609999866385,5,True,alpha
8,0.015,169,10,9.46043200008262,5,True,beta
8,0.015,170,10,5.4679370000485505,5,True,alpha
8,0.015,171,10,3.2931099999586877,5,True,beta
8,0.015,172,10,3.6009839999451287,5,True,alpha
8,0.015,173,10,5.500878000020748,5,True,beta
8,0.015,174,10,7.312465000040902,5,True,alpha
8,0.015,175,10,3.3910580000338086,5,True,beta
8,0.015,176,10,5.439303999992262,5,True,alpha
8,0.015,177,10,5.806528999983129,5,True,beta
8,0.015,178,10,2.627829999937603,5,True,alpha
8,0.015,179,10,5.065764999926614,5,True,beta
8,0.015,180,10,5.1339019998977165,5,True,alpha
8,0.015,181,10,5.263873999979296,5,True,beta
8,0.015,182,10,5.310620000045674,5,True,alpha
8,0.015,183,10,5.310495999992781,5,True,beta
8,0.015,184,10,5.259968000018489,5,True,alpha
8,0.015,185,10,5.460616000050322,5,True,beta
8,0.015,186,10,5.581987000027766,5,True,alpha
8,0.015,187,10,5.638024999939262,5,True,beta
8,0.015,188,10,11.678441999947609,5,True,alpha
8,0.015,189,10,5.70347000007132,5,True,beta
8,0.015,190,10,5.844581000019389,5,True,alpha
8,0.015,191,10,3.6273019999271128,5,True,beta
8,0.015,192,10,7.7195580000761765,5,True,alpha
8,0.015,193,10,7.496658000036405,5,True,beta
8,0.015,194,10,3.6323179999726563,5,True,alpha
8,0.015,195,10,3.5182609999537817,5,True,beta
8,0.015,196,10,3.4666429999106185,5,True,alpha
8,0.015,197,10,3.31930699996974,5,True,beta
8,0.015,198,10,5.119432000014967,5,True,alpha
8,0.015,199,10,5.248225000059392,5,True,beta
8,0.015,200,10,5.31731299997773,5,True,alpha
8,0.015,201,10,5.400382999937392,5,True,beta
8,0.015,202,10,12.057843999969009,5,True,alpha
8,0.015,203,10,7.492166000020006,5,True,beta
8,0.015,204,10,10.129821999953492,5,True,alpha
8,0.015,205,10,5.631074000007175,5,True,beta
8,0.015,206,10,3.1639950000226236,5,True,alpha
8,0.015,207,10,3.0838140000923886,5,True,beta
8,0.015,208,10,3.107464000095206,5,True,alpha
8,0.015,209,10,5.824355000072501,5,True,beta
8,0.015,210,10,3.0306710000331805,5,True,alpha
8,0.015,211,10,2.9258099999651677,5,True,beta
8,0.015,212,10,2.8620950000686207,5,True,alpha
8,0.015,213,10,5.213421000007656,5,True,beta
8,0.015,214,10,5.407695999906537,5,True,alpha
8,0.015,215,10,5.4049249999934545,5,True,beta
8,0.015,216,10,5.485824999936995,5,True,alpha
8,0.015,217,10,5.528223000055732,5,True,beta
8,0.015,218,10,5.755690999990293,5,True,alpha
8,0.015,219,10,5.7085490000190475,5,True,beta
8,0.015,220,10,7.8831450000507175,5,True,alpha
8,0.015,221,10,7.870071000070311,5,True,beta
8,0.015,222,10,7.828565000068011,5,True,alpha
8,0.015,223,10,3.5696639999969193,5,True,beta
8,0.015,224,10,3.602281999974366,5,True,alpha
8,0.015,225,10,6.485244999907991,5,True,beta
8,0.015,226,10,2.859165000018038,5,True,alpha
8,0.015,227,10,5.701250000015534,5,True,beta
8,0.015,228,10,5.746428000065862,5,True,alpha
8,0.015,229,10,5.704955000055634,5,True,beta
8,0.015,230,10,5.714968000006593,5,True,alpha
8,0.015,231,10,5.7236709999415325,5,True,beta
8,0.015,232,10,5.777076000072157,5,True,alpha
8,0.015,233,10,5.7757729999821095,5,True,beta
8,0.015,234,10,5.830074000073182,5,True,alpha
8,0.015,235,10,5.815748000031817,5,True,beta
8,0.015,236,10,5.966593000039211,5,True,alpha
8,0.015,237,10,5.94511400004194,5,True,beta
8,0.015,238,10,6.00990800001,5,True,alpha
8,0.015,239,10,13.173722999908932,5,True,beta
8,0.015,240,10,8.195802999921398,5,True,alpha
8,0.015,241,10,8.20533700004944,5,True,beta
8,0.015,242,10,3.847882999934882,5,True,alpha
8,0.015,243,10,10.976276999940637,5,True,beta
8,0.015,244,10,3.1932110000525427,5,True,alpha
8,0.015,245,10,3.291439999998147,5,True,beta
8,0.015,246,10,3.1728349999866623,5,True,alpha
8,0.015,247,10,6.405604999940806,5,True,beta
8,0.015,248,10,3.376602000003004,5,True,alpha
8,0.015,249,10,3.2973049999327486,5,True,beta
8,0.015,250,10,3.3355840000695025,5,True,alpha
8,0.015,251,10,5.804319000048963,5,True,beta
8,0.015,252,10,5.890320000048632,5,True,alpha
8,0.015,253,10,5.99865900005625,5,True,beta
8,0.015,254,10,8.354144999998425,5,True,alpha
8,0.015,255,10,8.306763000064166,5,True,beta
8,0.015,256,10,8.668476000025294,5,True,alpha
8,0.015,257,10,4.072438999969563,5,True,beta
8,0.015,258,10,4.059374000007665,5,True,alpha
8,0.015,259,10,3.9592069999798696,5,True,beta
8,0.015,260,10,6.367177000015545,5,True,alpha
8,0.015,261,10,6.4123790000394365,5,True,beta
8,0.015,262,10,8.536154000012175,5,True,alpha
8,0.015,263,10,6.347870000013245,5,True,beta
8,0.015,264,10,8.701873000063642,5,True,alpha
8,0.015,265,10,4.14938100004747,5,True,beta
8,0.015,266,10,6.498129000078734,5,True,alpha
8,0.015,267,10,3.8949270000330216,5,True,beta
8,0.015,268,10,10.470273999999336,5,True,alpha
8,0.015,269,10,21.688266000069234,5,True,beta
8,0.015,270,10,6.172081000045182,5,True,alpha
8,0.015,271,10,10.68193700007214,5,True,beta
8,0.015,272,10,3.172085000073821,5,True,alpha
8,0.015,273,10,3.2314110000015717,5,True,beta
8,0.015,274,10,4.078827000057572,5,True,alpha
8,0.015,275,10,4.170931999965433,5,True,beta
8,0.015,276,10,7.744426000044768,5,True,alpha
8,0.015,277,10,4.156481999984862,5,True,beta
8,0.015,278,10,4.451454999980342,5,True,alpha
8,0.015,279,10,6.932983999945463,5,True,beta
8,0.015,280,10,6.910609999977169,5,True,alpha
8,0.015,281,10,4.20923199999379,5,True,beta
8,0.015,282,10,6.5060869999342685,5,True,alpha
8,0.015,283,10,11.591671000019232,5,True,beta
8,0.015,284,10,6.716974000028131,5,True,alpha
8,0.015,285,10,6.649379000009503,5,True,beta
8,0.015,286,10,3.843119999942246,5,True,alpha
8,0.015,287,10,3.663769000013417,5,True,beta
8,0.015,288,10,6.857762000095136,5,True,alpha
8,0.015,289,10,3.9777729999741496,5,True,beta
8,0.015,290,10,6.1232320000499385,5,True,alpha
8,0.015,291,10,8.44186099993749,5,True,beta
8,0.015,292,10,8.982366999930491,5,True,alpha
8,0.015,293,10,8.807888999967872,5,True,beta
8,0.015,294,10,3.689487999963603,5,True,alpha
8,0.015,295,10,3.5959140000159096,5,True,beta
8,0.015,296,10,3.562086000101772,5,True,alpha
8,0.015,297,10,14.105507999943256,5,True,beta
8,0.015,298,10,8.999238000001242,5,True,alpha
8,0.015,299,10,6.626894999953947,5,True,beta
8,0.015,300,10,5.0981959999489845,5,True,alpha
8,0.015,301,10,3.451205000033042,5,True,beta
8,0.015,302,10,6.764908000036485,5,True,alpha
8,0.015,303,10,4.01109099993846,5,True,beta
8,0.015,304,10,9.448352999925191,5,True,alpha
8,0.015,305,10,12.740929000074175,5,True,beta
8,0.015,306,10,5.016503999968336,5,True,alpha
8,0.015,307,10,3.3841289999827495,5,True,beta
8,0.015,308,10,4.383559999951103,5,True,alpha
8,0.015,309,10,14.64906300009261,5,True,beta
8,0.015,310,10,6.931994999945346,5,True,alpha
8,0.015,311,10,4.289934999974321,5,True,beta
8,0.015,312,10,4.3213120000018534,5,True,alpha
8,0.015,313,10,6.794430000013563,5,True,beta
8,0.015,314,10,6.916208000006918,5,True,alpha
8,0.015,315,10,4.128645000037068,5,True,beta
8,0.015,316,10,9.40784000010808,5,True,alpha
8,0.015,317,10,14.09922599998481,5,True,beta
8,0.015,318,10,4.2648059999237375,5,True,alpha
8,0.015,319,10,4.390288000081455,5,True,beta
8,0.015,320,10,3.4024469999849316,5,True,alpha
8,0.015,321,10,6.917909999970107,5,True,beta
8,0.015,322,10,6.901210000023639,5,True,alpha
8,0.015,323,10,4.348952999976063,5,True,beta
8,0.015,324,10,6.983904999970036,5,True,alpha
8,0.015,325,10,15.516704999981812,5,True,beta
8,0.015,326,10,10.432520999984263,5,True,alpha
8,0.015,327,10,3.55607299991334,5,True,beta
8,0.015,328,10,7.01129399999445,5,True,alpha
8,0.015,329,10,7.015043000023979,5,True,beta
8,0.015,330,10,3.876076999972611,5,True,alpha
8,0.015,331,10,3.886479000016152,5,True,beta
8,0.015,332,10,18.60706099989784,5,True,alpha
8,0.015,333,10,7.46529500008819,5,True,beta
8,0.015,334,10,4.002641000056428,5,True,alpha
8,0.015,335,10,3.8583150000022215,5,True,beta
8,0.015,336,10,7.733873000006497,5,True,alpha
8,0.015,337,10,3.4129580000126225,5,True,beta
8,0.015,338,10,6.961760000081085,5,True,alpha
8,0.015,339,10,7.982782999988558,5,True,beta
8,0.015,340,10,3.5477349999837315,5,True,alpha
8,0.015,341,10,9.891983999978038,5,True,beta
8,0.015,342,10,4.582530999982737,5,True,alpha
8,0.015,343,10,7.211927000071228,5,True,beta
8,0.015,344,10,4.621677000045565,5,True,alpha
8,0.015,345,10,13.771702999974877,5,True,beta
8,0.015,346,10,6.926747999955296,5,True,alpha
8,0.015,347,10,6.834656000023642,5,True,beta
8,0.015,348,10,16.421964999949523,5,True,alpha
8,0.015,349,10,8.596497999974417,5,True,beta
8,0.015,350,10,4.255996999972922,5,True,alpha
8,0.015,351,10,4.244145000029675,5,True,beta
8,0.015,352,10,10.995271000069806,5,True,alpha
8,0.015,353,10,3.708936999942125,5,True,beta
8,0.015,354,10,4.512051000006068,5,True,alpha
8,0.015,355,10,10.48825600003056,5,True,beta
8,0.015,356,10,4.097870000009607,5,True,alpha
8,0.015,357,10,4.074105000086092,5,True,beta
8,0.015,358,10,4.109567999989849,5,True,alpha
8,0.015,359,10,4.100316000062776,5,True,beta
8,0.015,360,10,7.377832000088347,5,True,alpha
8,0.015,361,10,7.373600999926566,5,True,beta
8,0.015,362,10,7.384824999917328,5,True,alpha
8,0.015,363,10,10.082940000074814,5,True,beta
8,0.015,364,10,7.388836000018273,5,True,alpha
8,0.015,365,10,7.39753400000609,5,True,beta
8,0.015,366,10,8.336115000020072,5,True,alpha
8,0.015,367,10,3.705476000050112,5,True,beta
8,0.015,368,10,7.408430000054977,5,True,alpha
8,0.015,369,10,7.4728780000441475,5,True,beta
8,0.015,370,10,10.512231999996402,5,True,alpha
8,0.015,371,10,7.541695999975673,5,True,beta
8,0.015,372,10,7.736241999964477,5,True,alpha
8,0.015,373,10,4.751620999968509,5,True,beta
8,0.015,374,10,10.903004000056171,5,True,alpha
8,0.015,375,10,13.008703999958016,5,True,beta
8,0.015,376,10,7.854685999973299,5,True,alpha
8,0.015,377,10,4.937787000017124,5,True,beta
8,0.015,378,10,4.9627910000253905,5,True,alpha
8,0.015,379,10,7.179542000017136,5,True,beta
8,0.015,380,10,7.0966450000469194,5,True,alpha
8,0.015,381,10,13.459459000046081,5,True,beta
8,0.015,382,10,8.337887999914528,5,True,alpha
8,0.015,383,10,6.325823999986824,5,True,beta
8,0.015,384,10,15.560067000023992,5,True,alpha
8,0.015,385,10,10.517533999973239,5,True,beta
8,0.015,386,10,5.3410640000493,5,True,alpha
8,0.015,387,10,5.292521000001216,5,True,beta
8,0.015,388,10,15.448118999984217,5,True,alpha
8,0.015,389,10,4.0284440000277755,5,True,beta
8,0.015,390,10,8.153041000014127,5,True,alpha
8,0.015,391,10,5.044483000006039,5,True,beta
8,0.015,392,10,5.037585999957628,5,True,alpha
8,0.015,393,10,8.271390999993855,5,True,beta
8,0.015,394,10,8.108527999979742,5,True,alpha
8,0.015,395,10,9.144596000055571,5,True,beta
8,0.015,396,10,4.118380000022626,5,True,alpha
8,0.015,397,10,8.311938000019836,5,True,beta
8,0.015,398,10,17.73892500000329,5,True,alpha
8,0.015,399,10,11.46261400003823,5,True,beta
8,0.015,400,10,11.526279999998224,5,True,alpha
8,0.015,401,10,6.370795999941947,5,True,beta
8,0.015,402,10,4.320491000044058,5,True,alpha
8,0.015,403,10,5.258818999891446,5,True,beta
8,0.015,404,10,5.302605999986554,5,True,alpha
8,0.015,405,10,11.609770999939428,5,True,beta
8,0.015,406,10,13.831513000013729,5,True,alpha
8,0.015,407,10,5.156584000019393,5,True,beta
8,0.015,408,10,6.413130000055389,5,True,alpha
8,0.015,409,10,4.110997999987376,5,True,beta
8,0.015,410,10,8.752199000014116,5,True,alpha
8,0.015,411,10,11.742646000016066,5,True,beta
8,0.015,412,10,5.482637000000068,5,True,alpha
8,0.015,413,10,12.038929000027565,5,True,beta
8,0.015,414,10,7.640777999995407,5,True,alpha
8,0.015,415,10,8.788503000005221,5,True,beta
8,0.015,416,10,4.472395999982837,5,True,alpha
8,0.015,417,10,15.073069999971267,5,True,beta
8,0.015,418,10,7.667554000022392,5,True,alpha
8,0.015,419,10,11.85269099994457,5,True,beta
8,0.015,420,10,6.637692000026618,5,True,alpha
8,0.015,421,10,11.865450999948735,5,True,beta
8,0.015,422,10,6.794494000018858,5,True,alpha
8,0.015,423,10,4.505537000000004,5,True,beta
8,0.015,424,10,9.708535999948253,5,True,alpha
8,0.015,425,10,4.196096999976362,5,True,beta
8,0.015,426,10,8.474051999996846,5,True,alpha
8,0.015,427,10,8.5809889999382,5,True,beta
8,0.015,428,10,8.621034999919175,5,True,alpha
8,0.015,429,10,8.705835000000661,5,True,beta
8,0.015,430,10,8.963651000044592,5,True,alpha
8,0.015,431,10,9.041853999974592,5,True,beta
8,0.015,432,10,9.056347000068854,5,True,alpha
8,0.015,433,10,12.336975999915012,5,True,beta
8,0.015,434,10,9.044792999929996,5,True,alpha
8,0.015,435,10,9.00118200001998,5,True,beta
8,0.015,436,10,5.6879869999875154,5,True,alpha
8,0.015,437,10,8.95534400001452,5,True,beta
8,0.015,438,10,12.221856999985903,5,True,alpha
8,0.015,439,10,8.715148999954181,5,True,beta
8,0.015,440,10,8.724523000068984,5,True,alpha
8,0.015,441,10,9.901368999976512,5,True,beta
8,0.015,442,10,4.433253999991393,5,True,alpha
8,0.015,443,10,17.29035300002124,5,True,beta
8,0.015,444,10,10.8672229999911,5,True,alpha
8,0.015,445,10,8.60771999998633,5,True,beta
8,0.015,446,10,6.4046559999724195,5,True,alpha
8,0.015,447,10,4.440495000039846,5,True,beta
8,0.015,448,10,8.820421999985228,5,True,alpha
8,0.015,449,10,11.86009599996396,5,True,beta
8,0.015,450,10,12.161620000028961,5,True,alpha
8,0.015,451,10,11.739339999962795,5,True,beta
8,0.015,452,10,11.993234999977176,5,True,alpha
8,0.015,453,10,18.631562999985363,5,True,beta
8,0.015,454,10,10.94547100001364,5,True,alpha
8,0.015,455,10,10.952074999977413,5,True,beta
8,0.015,456,10,13.415304000091055,5,True,alpha
8,0.015,457,10,13.359975000071245,5,True,beta
8,0.015,458,10,6.607991999999285,5,True,alpha
8,0.015,459,10,4.680215999997017,5,True,beta
8,0.015,460,10,5.872221000004174,5,True,alpha
8,0.015,461,10,9.61420300006921,5,True,beta
8,0.015,462,10,8.6918520000836,5,True,alpha
8,0.015,463,10,16.87772799994036,5,True,beta
8,0.015,464,10,12.079407999976866,5,True,alpha
8,0.015,465,10,9.794838999937383,5,True,beta
8,0.015,466,10,5.574000000024171,5,True,alpha
8,0.015,467,10,12.742217999971217,5,True,beta
8,0.015,468,10,5.4299490000175865,5,True,alpha
8,0.015,469,10,12.107657999990806,5,True,beta
8,0.015,470,10,5.971318999968389,5,True,alpha
8,0.015,471,10,6.099449999965145,5,True,beta
8,0.015,472,10,8.502506000013454,5,True,alpha
8,0.015,473,10,14.330911999991258,5,True,beta
8,0.015,474,10,8.485757000016747,5,True,alpha
8,0.015,475,10,8.316327999978057,5,True,beta
8,0.015,476,10,18.141786000001048,5,True,alpha
8,0.015,477,10,19.577526000034595,5,True,beta
8,0.015,478,10,5.924772000071243,5,True,alpha
8,0.015,479,10,7.250763000001825,5,True,beta
8,0.015,480,10,14.525065000043469,5,True,alpha
8,0.015,481,10,5.994724999936807,5,True,beta
8,0.015,482,10,7.290831000091202,5,True,alpha
8,0.015,483,10,4.880734999915148,5,True,beta
8,0.015,484,10,15.038092000054348,5,True,alpha
8,0.015,485,10,4.710842000008597,5,True,beta
8,0.015,486,10,4.7567569999955595,5,True,alpha
8,0.015,487,10,20.723425000028328,5,True,beta
8,0.015,488,10,21.81245700001,5,True,alpha
8,0.015,489,10,7.642566000072293,5,True,beta
8,0.015,490,10,5.1087079999661,5,True,alpha
8,0.015,491,10,14.547519999950964,5,True,beta
8,0.015,492,10,5.184643000006872,5,True,alpha
8,0.015,493,10,7.624901999975009,5,True,beta
8,0.015,494,10,5.176118999997925,5,True,alpha
8,0.015,495,10,7.323428000063359,5,True,beta
8,0.015,496,10,4.93495199998506,5,True,alpha
8,0.015,497,10,9.345080999992206,5,True,beta
8,0.015,498,10,4.538320000051499,5,True,alpha
8,0.015,499,10,9.007687000007536,5,True,beta
