cached_input_tokens,concurrency,cost_usd,index,input_tokens,latency_ms,output_tokens,success,tenant
0,1,0.00009705,0,183,3046.1936660012725,116,True,alpha
0,1,0.00009885,1,183,2683.4827500006213,119,True,beta
0,1,0.00008925,2,183,2288.7487089992646,103,True,alpha
0,1,0.00009525,3,183,3346.286167001381,113,True,beta
0,1,0.00008925,4,183,3330.869250001342,103,True,alpha
0,1,0.00009645,5,183,2630.910915999266,115,True,beta
0,1,0.00009825,6,183,2965.860166001221,118,True,alpha
0,1,0.00009585,7,183,2484.341334000419,114,True,beta
0,1,0.00009645,8,183,2657.6789999999164,115,True,alpha
0,1,0.00009225,9,183,2817.3708750000515,108,True,beta
0,1,0.00009825,10,183,2608.1651660006173,118,True,alpha
0,1,0.00009765,11,183,2671.254916998805,117,True,beta
0,1,0.00009645,12,183,2401.8495000000257,115,True,alpha
0,1,0.00010605,13,183,2742.199750000509,131,True,beta
0,1,0.00008985,14,183,2434.275916999468,104,True,alpha
0,1,0.00010065,15,183,2872.687166000105,122,True,beta
0,1,0.00009645,16,183,2732.2450000010576,115,True,alpha
0,1,0.00009225,17,183,2557.126416999381,108,True,beta
0,1,0.00009885,18,183,2453.416667000056,119,True,alpha
0,1,0.00009825,19,183,2809.6792500000447,118,True,beta
0,1,0.00010605,20,183,3987.707666999995,131,True,alpha
0,1,0.00009285,21,183,2569.8127500018018,109,True,beta
0,1,0.00009885,22,183,2444.5420840002043,119,True,alpha
0,1,0.00010065,23,183,2572.427916999004,122,True,beta
0,1,0.00011025,24,183,2553.6010830001032,138,True,alpha
0,1,0.00009165,25,183,2914.3628330002684,107,True,beta
0,1,0.00010005,26,183,3175.7732499991107,121,True,alpha
0,1,0.00009585,27,183,2393.1140410004446,114,True,beta
0,1,0.00009345,28,183,2440.8592079998925,110,True,alpha
0,1,0.00009105,29,183,2484.7242499999993,106,True,beta
0,1,0.00009945,30,183,2653.3335840013024,120,True,alpha
0,1,0.00010005,31,183,2923.010290998718,121,True,beta
0,1,0.00008745,32,183,3058.94520900074,100,True,alpha
0,1,0.00010305,33,183,3801.7062919989257,126,True,beta
0,1,0.00009345,34,183,3271.9936249995953,110,True,alpha
0,1,0.00009825,35,183,3607.0220000001427,118,True,beta
0,1,0.00009525,36,183,3913.7361249995593,113,True,alpha
0,1,0.00010185,37,183,3543.6259580001206,124,True,beta
0,1,0.00009165,38,183,5037.841957999262,107,True,alpha
0,1,0.00009885,39,183,3934.1030419982417,119,True,beta
0,1,0.00010665,40,183,4004.4378330003383,132,True,alpha
0,1,0.00009105,41,183,2976.6892499992537,106,True,beta
0,1,0.00010605,42,183,3334.304500000144,131,True,alpha
0,1,0.00010245,43,183,2932.388917000935,125,True,beta
0,1,0.00009885,44,183,3240.175790999274,119,True,alpha
0,1,0.00009525,45,183,3015.2667080001265,113,True,beta
0,1,0.00009165,46,183,2567.39404200016,107,True,alpha
0,1,0.00009765,47,183,3103.058874999988,117,True,beta
0,1,0.00009345,48,183,2963.5874160012463,110,True,alpha
0,1,0.00008745,49,183,2626.3369580010476,100,True,beta
0,1,0.00009525,50,183,2862.103916000706,113,True,alpha
0,1,0.00009225,51,183,2292.32758299986,108,True,beta
0,1,0.00010605,52,183,2541.2123749993043,131,True,alpha
0,1,0.00009765,53,183,2398.9620420015854,117,True,beta
0,1,0.00008985,54,183,2189.3912499999715,104,True,alpha
0,1,0.00008505,55,183,2255.8716660005302,96,True,beta
0,1,0.00009345,56,183,2897.0595419996243,110,True,alpha
0,1,0.00010125,57,183,2349.691792000158,123,True,beta
0,1,0.00010185,58,183,2441.2808750003023,124,True,alpha
0,1,0.00010545,59,183,2560.24695799897,130,True,beta
0,1,0.00010065,60,183,2615.391125000315,122,True,alpha
0,1,0.00008985,61,183,2301.1606670006586,104,True,beta
0,1,0.00010005,62,183,2795.9508749991073,121,True,alpha
0,1,0.00009585,63,183,2471.106167000471,114,True,beta
0,1,0.00008985,64,183,2606.271000000561,104,True,alpha
0,1,0.00008925,65,183,2659.981458000402,103,True,beta
0,1,0.00008805,66,183,2732.5609590006934,101,True,alpha
0,1,0.00009345,67,183,2342.3197920001257,110,True,beta
0,1,0.00009105,68,183,2568.4024170004705,106,True,alpha
0,1,0.00009525,69,183,2521.715459000916,113,True,beta
0,1,0.00009765,70,183,2531.7438330002915,117,True,alpha
0,1,0.00008805,71,183,2164.057624999259,101,True,beta
0,1,0.00010365,72,183,2728.120249999847,127,True,alpha
0,1,0.00009585,73,183,2414.6163330005948,114,True,beta
0,1,0.00010605,74,183,2620.234125000934,131,True,alpha
0,1,0.00010185,75,183,2493.9366660000815,124,True,beta
0,1,0.00009765,76,183,2619.609457999104,117,True,alpha
0,1,0.00009225,77,183,2428.98462499943,108,True,beta
0,1,0.00009465,78,183,2646.8834999996034,112,True,alpha
0,1,0.00009825,79,183,2462.1436669985997,118,True,beta
0,1,0.00009105,80,183,2518.373541000983,106,True,alpha
0,1,0.00009405,81,183,2378.5480829992593,111,True,beta
0,1,0.00009885,82,183,2521.51162500013,119,True,alpha
0,1,0.00009165,83,183,3427.803834001679,107,True,beta
0,1,0.00009945,84,183,15828.075208000882,120,True,alpha
0,1,0.00009105,85,183,2467.0243750006193,106,True,beta
0,1,0.00009345,86,183,2611.8827919999603,110,True,alpha
0,1,0.00009945,87,183,2606.3312089991086,120,True,beta
0,1,0.00009345,88,183,2700.7897090006736,110,True,alpha
0,1,0.00010185,89,183,2642.8172500000073,124,True,beta
0,1,0.00009765,90,183,2445.2392920011334,117,True,alpha
0,1,0.00010005,91,183,2481.045250000534,121,True,beta
0,1,0.00009405,92,183,2589.224874998763,111,True,alpha
0,1,0.00010365,93,183,2457.0140420000826,127,True,beta
0,1,0.00009465,94,183,2441.584874999535,112,True,alpha
0,1,0.00010185,95,183,2378.79491700005,124,True,beta
0,1,0.00009405,96,183,3625.2826249983627,111,True,alpha
0,1,0.00009645,97,183,2906.4839589991607,115,True,beta
0,1,0.00009285,98,183,2343.6030419998133,109,True,alpha
0,1,0.00009705,99,183,2401.0134169984667,116,True,beta
0,1,0.00009765,100,183,2660.0174590003007,117,True,alpha
0,1,0.00010005,101,183,2786.0391670001263,121,True,beta
0,1,0.00009285,102,183,2563.9466249995166,109,True,alpha
0,1,0.00010245,103,183,2791.5597920000437,125,True,beta
0,1,0.00009525,104,183,2455.230916999426,113,True,alpha
0,1,0.00009585,105,183,2354.5203339999716,114,True,beta
0,1,0.00009165,106,183,2328.6374580002303,107,True,alpha
0,1,0.00009465,107,183,2487.7539579993027,112,True,beta
0,1,0.00009705,108,183,3450.519207999605,116,True,alpha
0,1,0.00009525,109,183,2287.6810409998143,113,True,beta
0,1,0.00009465,110,183,2638.4561249997205,112,True,alpha
0,1,0.00010185,111,183,2610.0858749996405,124,True,beta
0,1,0.00009285,112,183,3027.3422909995134,109,True,alpha
0,1,0.00010425,113,183,2541.029875001186,128,True,beta
0,1,0.00010245,114,183,2684.0895419991284,125,True,alpha
0,1,0.00010125,115,183,2970.3104170002916,123,True,beta
0,1,0.00010725,116,183,2702.9126249999536,133,True,alpha
0,1,0.00009765,117,183,2383.920374999434,117,True,beta
0,1,0.00008865,118,183,2272.4407909990987,102,True,alpha
0,1,0.00009465,119,183,2371.1436670000694,112,True,beta
0,1,0.00009165,120,183,2455.9901249995164,107,True,alpha
0,1,0.00009345,121,183,2258.231290999902,110,True,beta
0,1,0.00009465,122,183,2458.798375000697,112,True,alpha
0,1,0.00010365,123,183,2532.3939169993537,127,True,beta
0,1,0.00010845,124,183,2427.0071249993634,135,True,alpha
0,1,0.00010065,125,183,2472.821875000591,122,True,beta
0,1,0.00009345,126,183,2421.175499999663,110,True,alpha
0,1,0.00009885,127,183,2424.402292001105,119,True,beta
0,1,0.00009225,128,183,2491.6372499992576,108,True,alpha
0,1,0.00010545,129,183,2324.2009170007805,130,True,beta
0,1,0.00008745,130,183,2464.447125001243,100,True,alpha
0,1,0.00009645,131,183,2376.9560830005503,115,True,beta
0,1,0.00009645,132,183,2581.7670420001377,115,True,alpha
0,1,0.00009825,133,183,2421.1836670001503,118,True,beta
0,1,0.00008985,134,183,2469.8989580010675,104,True,alpha
0,1,0.00010725,135,183,2769.817458000034,133,True,beta
0,1,0.00009885,136,183,2811.73891599974,119,True,alpha
0,1,0.00010005,137,183,2580.0968750008906,121,True,beta
0,1,0.00009825,138,183,2748.834166999586,118,True,alpha
0,1,0.00010005,139,183,2550.2877499984606,121,True,beta
0,1,0.00010485,140,183,2638.356167000893,129,True,alpha
0,1,0.00009885,141,183,2536.4289579993056,119,True,beta
0,1,0.00009465,142,183,2525.2560829994763,112,True,alpha
0,1,0.00010905,143,183,2843.8289589994383,136,True,beta
0,1,0.00009285,144,183,2882.3775830005616,109,True,alpha
0,1,0.00009825,145,183,2450.0429580002674,118,True,beta
0,1,0.00009825,146,183,2733.305792000465,118,True,alpha
0,1,0.00009405,147,183,2399.3871250004304,111,True,beta
0,1,0.00009045,148,183,2318.3368329991936,105,True,alpha
0,1,0.00010185,149,183,2379.4678750000458,124,True,beta
0,1,0.00009285,150,183,2254.912209000395,109,True,alpha
0,1,0.00008745,151,183,2527.8712499984977,100,True,beta
0,1,0.00009705,152,183,2436.7024169987417,116,True,alpha
0,1,0.00009705,153,183,2539.6834160001163,116,True,beta
0,1,0.00010065,154,183,2535.2666250000766,122,True,alpha
0,1,0.00010185,155,183,2741.897041001721,124,True,beta
0,1,0.00009525,156,183,2268.761708000966,113,True,alpha
0,1,0.00009525,157,183,2353.6295409994636,113,True,beta
0,1,0.00010305,158,183,2730.412749999232,126,True,alpha
0,1,0.00008625,159,183,2484.6485420002864,98,True,beta
0,1,0.00010125,160,183,2371.682166000028,123,True,alpha
0,1,0.00009225,161,183,2113.297625000996,108,True,beta
0,1,0.00009525,162,183,2533.830582999144,113,True,alpha
0,1,0.00010125,163,183,2388.794999998936,123,True,beta
0,1,0.00009945,164,183,2454.698499999722,120,True,alpha
0,1,0.00009945,165,183,2517.1869579990016,120,True,beta
0,1,0.00010005,166,183,2534.363291999398,121,True,alpha
0,1,0.00009825,167,183,2447.9731659994286,118,True,beta
0,1,0.00010425,168,183,2789.3750419989374,128,True,alpha
0,1,0.00009465,169,183,2447.2465420003573,112,True,beta
0,1,0.00009885,170,183,2761.4201249998587,119,True,alpha
0,1,0.00010125,171,183,2345.316875000208,123,True,beta
0,1,0.00010005,172,183,2469.299583000975,121,True,alpha
0,1,0.00009345,173,183,2761.9415420012956,110,True,beta
0,1,0.00010065,174,183,2653.445207999539,122,True,alpha
0,1,0.00009765,175,183,2318.562208000003,117,True,beta
0,1,0.00009825,176,183,2333.7404579997383,118,True,alpha
0,1,0.00010245,177,183,2431.7217500010884,125,True,beta
0,1,0.00009345,178,183,2351.6167090001545,110,True,alpha
0,1,0.00010185,179,183,2649.9707919992943,124,True,beta
0,1,0.00009225,180,183,2363.5717920005845,108,True,alpha
0,1,0.00009405,181,183,2536.250708000807,111,True,beta
0,1,0.00009465,182,183,2230.554083000243,112,True,alpha
0,1,0.00009945,183,183,2299.537416000021,120,True,beta
0,1,0.00010065,184,183,2955.8735419996083,122,True,alpha
0,1,0.00009825,185,183,2445.9658750001836,118,True,beta
0,1,0.00009825,186,183,2445.6202920009673,118,True,alpha
0,1,0.00009105,187,183,2332.848333999209,106,True,beta
0,1,0.00009405,188,183,2195.3427499993268,111,True,alpha
0,1,0.00009765,189,183,2661.620083001253,117,True,beta
0,1,0.00009825,190,183,2543.1220829996164,118,True,alpha
0,1,0.00009525,191,183,2376.228249999258,113,True,beta
0,1,0.00009345,192,183,2349.552957999549,110,True,alpha
0,1,0.00009765,193,183,2463.2966669996677,117,True,beta
0,1,0.00009345,194,183,2334.81295799902,110,True,alpha
0,1,0.00009645,195,183,2494.154250000065,115,True,beta
0,1,0.00009825,196,183,2710.3835409998283,118,True,alpha
0,1,0.00009045,197,183,2250.2120419994753,105,True,beta
0,1,0.00009045,198,183,2311.3281660007488,105,True,alpha
0,1,0.00010725,199,183,2673.2416249997186,133,True,beta
0,8,0.00009285,0,183,2244.4727500005683,109,True,alpha
0,8,0.00009705,1,183,2596.0972499997297,116,True,beta
0,8,0.00009825,2,183,2723.2999999996537,118,True,alpha
0,8,0.00009765,3,183,2681.542250000348,117,True,beta
0,8,0.00010005,4,183,2776.046332999613,121,True,alpha
0,8,0.00009405,5,183,2645.03891700042,111,True,beta
0,8,0.00010125,6,183,3329.17795800131,123,True,alpha
0,8,0.00008865,7,183,3330.0476249987696,102,True,beta
0,8,0.00010425,8,183,2765.429416000188,128,True,alpha
0,8,0.00009825,9,183,2565.82329199955,118,True,beta
0,8,0.00009585,10,183,2476.850208000542,114,True,alpha
0,8,0.00009345,11,183,2693.0801670005167,110,True,beta
0,8,0.00009405,12,183,2683.068000000276,111,True,alpha
0,8,0.00010545,13,183,2770.249542001693,130,True,beta
0,8,0.00009165,14,183,3467.874915999346,107,True,alpha
0,8,0.00009825,15,183,3465.7748749996244,118,True,beta
0,8,0.00009405,16,183,2287.3776249998627,111,True,alpha
0,8,0.00009765,17,183,2442.234959000416,117,True,beta
0,8,0.00009345,18,183,2355.494416999136,110,True,alpha
0,8,0.00010125,19,183,2606.6587080003956,123,True,beta
0,8,0.00009165,20,183,2217.658499999743,107,True,alpha
0,8,0.00010305,21,183,2972.2390420010925,126,True,beta
0,8,0.00009585,22,183,3450.4348339996795,114,True,alpha
0,8,0.00009825,23,183,3361.1607090006146,118,True,beta
0,8,0.00009525,24,183,2452.835916999902,113,True,alpha
0,8,0.00009525,25,183,2893.4274580005876,113,True,beta
0,8,0.00010125,26,183,2502.3554580002383,123,True,alpha
0,8,0.00009825,27,183,2481.4668750004785,118,True,beta
0,8,0.00010005,28,183,2439.6297500006767,121,True,alpha
0,8,0.00009645,29,183,2510.97262499934,115,True,beta
0,8,0.00009885,30,183,3018.9916669987724,119,True,alpha
0,8,0.00008925,31,183,2331.6477079988545,103,True,beta
0,8,0.00009825,32,183,2587.032833000194,118,True,alpha
0,8,0.00009285,33,183,3235.7600830000592,109,True,beta
0,8,0.00009345,34,183,2808.49387499984,110,True,alpha
0,8,0.00009285,35,183,2433.8657499993133,109,True,beta
0,8,0.00009045,36,183,2597.6516249993438,105,True,alpha
0,8,0.00009585,37,183,2782.631375001074,114,True,beta
0,8,0.00009765,38,183,2587.0005839988153,117,True,alpha
0,8,0.00008625,39,183,2255.308583999067,98,True,beta
0,8,0.00009525,40,183,2595.521541999915,113,True,alpha
0,8,0.00009405,41,183,3386.6490840009646,111,True,beta
0,8,0.00010365,42,183,2494.756916999904,127,True,alpha
0,8,0.00010245,43,183,2473.8307500010706,125,True,beta
0,8,0.00009645,44,183,2451.291041999866,115,True,alpha
0,8,0.00009285,45,183,2606.35637499945,109,True,beta
0,8,0.00010485,46,183,3076.900250000108,129,True,alpha
0,8,0.00009225,47,183,2373.3816250005475,108,True,beta
0,8,0.00009525,48,183,2444.7486249991925,113,True,alpha
0,8,0.00010125,49,183,2832.6455839996925,123,True,beta
0,8,0.00009585,50,183,3220.3837079996447,114,True,alpha
0,8,0.00010005,51,183,3234.47333400145,121,True,beta
0,8,0.00010545,52,183,2935.0848330013832,130,True,alpha
0,8,0.00009345,53,183,2737.614624998969,110,True,beta
0,8,0.00009525,54,183,2548.859499998798,113,True,alpha
0,8,0.00009765,55,183,2544.8112499998388,117,True,beta
0,8,0.00010485,56,183,2789.1070840014436,129,True,alpha
0,8,0.00009525,57,183,2650.1560829983646,113,True,beta
0,8,0.00009105,58,183,2834.7811669991643,106,True,alpha
0,8,0.00009885,59,183,3220.7685419998597,119,True,beta
0,8,0.00010545,60,183,2581.9957920011802,130,True,alpha
0,8,0.00009585,61,183,2723.7178340001265,114,True,beta
0,8,0.00010065,62,183,2619.9501249993773,122,True,alpha
0,8,0.00009285,63,183,2823.6377079992963,109,True,beta
0,8,0.00009405,64,183,2471.531290999337,111,True,alpha
0,8,0.00009765,65,183,2428.0932920009946,117,True,beta
0,8,0.00009705,66,183,3094.8862500008545,116,True,alpha
0,8,0.00010905,67,183,2676.8231250007375,136,True,beta
0,8,0.00009285,68,183,2383.290666999528,109,True,alpha
0,8,0.00009885,69,183,2450.4929579998134,119,True,beta
0,8,0.00009345,70,183,2774.36624999973,110,True,alpha
0,8,0.00010005,71,183,2616.471166998963,121,True,beta
0,8,0.00010485,72,183,2573.6833330010995,129,True,alpha
0,8,0.00009825,73,183,2432.905292000214,118,True,beta
0,8,0.00009885,74,183,3083.987292000529,119,True,alpha
0,8,0.00009405,75,183,2321.5200419999746,111,True,beta
0,8,0.00009525,76,183,2491.5563340000517,113,True,alpha
0,8,0.00009465,77,183,2502.730958000029,112,True,beta
0,8,0.00010125,78,183,2592.1856249988195,123,True,alpha
0,8,0.00009465,79,183,2482.4993750007707,112,True,beta
0,8,0.00009705,80,183,2415.2322499994625,116,True,alpha
0,8,0.00009525,81,183,2238.511457999266,113,True,beta
0,8,0.00009405,82,183,2251.641540999117,111,True,alpha
0,8,0.00009585,83,183,2237.261750000471,114,True,beta
0,8,0.00010425,84,183,2915.6151249990216,128,True,alpha
0,8,0.00009045,85,183,2213.4344999994937,105,True,beta
0,8,0.00009825,86,183,2848.5580409997056,118,True,alpha
0,8,0.00009765,87,183,2485.3610829995887,117,True,beta
0,8,0.00009825,88,183,2542.6563330001954,118,True,alpha
0,8,0.00009885,89,183,2497.100667000268,119,True,beta
0,8,0.00009705,90,183,2236.445291000564,116,True,alpha
0,8,0.00009285,91,183,2340.7839169994986,109,True,beta
0,8,0.00009465,92,183,2347.17287499916,112,True,alpha
0,8,0.00010545,93,183,2747.2093340002175,130,True,beta
0,8,0.00009405,94,183,2449.9437079994095,111,True,alpha
0,8,0.00009165,95,183,2199.084459000005,107,True,beta
0,8,0.00010065,96,183,2602.4549579997256,122,True,alpha
0,8,0.00009345,97,183,2383.859166999173,110,True,beta
0,8,0.00009225,98,183,2397.719500000676,108,True,alpha
0,8,0.00010185,99,183,2556.4482919999136,124,True,beta
0,8,0.00010725,100,183,2443.3496670008026,133,True,alpha
0,8,0.00010185,101,183,2699.5414170014556,124,True,beta
0,8,0.00010185,102,183,2360.5294579992915,124,True,alpha
0,8,0.00010245,103,183,2498.7435410002945,125,True,beta
0,8,0.00010005,104,183,2320.5767499985086,121,True,alpha
0,8,0.00009645,105,183,2364.8078339992935,115,True,beta
0,8,0.00009465,106,183,2612.6058749996446,112,True,alpha
0,8,0.00010425,107,183,2486.5400409998983,128,True,beta
0,8,0.00009705,108,183,2513.3360830004676,116,True,alpha
0,8,0.00009825,109,183,2422.4665419988014,118,True,beta
0,8,0.00009165,110,183,2361.7447080014244,107,True,alpha
0,8,0.00009405,111,183,2377.162374999898,111,True,beta
0,8,0.00008865,112,183,2520.2711669990094,102,True,alpha
0,8,0.00009825,113,183,2466.2542909991316,118,True,beta
0,8,0.00009825,114,183,2609.908665999683,118,True,alpha
0,8,0.00010185,115,183,2456.0032920016965,124,True,beta
0,8,0.00010005,116,183,2371.2659169996186,121,True,alpha
0,8,0.00009765,117,183,2813.2979160000104,117,True,beta
0,8,0.00009825,118,183,2577.8474580001784,118,True,alpha
0,8,0.00010005,119,183,2426.9382919992495,121,True,beta
0,8,0.00009045,120,183,2480.927665999843,105,True,alpha
0,8,0.00010185,121,183,2893.488542000341,124,True,beta
0,8,0.00010365,122,183,2647.223750000194,127,True,alpha
0,8,0.00009525,123,183,2595.675750000737,113,True,beta
0,8,0.00009465,124,183,2593.7732919992413,112,True,alpha
0,8,0.00009765,125,183,2483.4472500006086,117,True,beta
0,8,0.00009705,126,183,2548.6307079991093,116,True,alpha
0,8,0.00009285,127,183,2257.685709000725,109,True,beta
0,8,0.00010365,128,183,2555.8037499995407,127,True,alpha
0,8,0.00008925,129,183,2787.859292000576,103,True,beta
0,8,0.00009225,130,183,2339.2609160000575,108,True,alpha
0,8,0.00009765,131,183,2808.731875000376,117,True,beta
0,8,0.00009705,132,183,2264.9460829998134,116,True,alpha
0,8,0.00009285,133,183,2675.5658330002916,109,True,beta
0,8,0.00009825,134,183,2497.526999999536,118,True,alpha
0,8,0.00010125,135,183,2655.8594170001015,123,True,beta
0,8,0.00010485,136,183,2928.50054200062,129,True,alpha
0,8,0.00009705,137,183,2378.5937920001743,116,True,beta
0,8,0.00009345,138,183,2667.372542000521,110,True,alpha
0,8,0.00009645,139,183,2608.909542001129,115,True,beta
0,8,0.00010185,140,183,2987.0275419998507,124,True,alpha
0,8,0.00009285,141,183,2450.0935840005695,109,True,beta
0,8,0.00010665,142,183,2653.8631250004983,132,True,alpha
0,8,0.00010185,143,183,2458.149500000218,124,True,beta
0,8,0.00010245,144,183,2655.87400000004,125,True,alpha
0,8,0.00009765,145,183,2578.7032090011053,117,True,beta
0,8,0.00009405,146,183,2271.5352499999426,111,True,alpha
0,8,0.00010605,147,183,2585.2463339997485,131,True,beta
0,8,0.00009645,148,183,2429.2256659991835,115,True,alpha
0,8,0.00010065,149,183,2653.588208000656,122,True,beta
0,8,0.00009645,150,183,2333.867957999246,115,True,alpha
0,8,0.00010005,151,183,2643.0550000004587,121,True,beta
0,8,0.00009825,152,183,2964.1562919987336,118,True,alpha
0,8,0.00009165,153,183,2146.7285420003464,107,True,beta
0,8,0.00009465,154,183,2521.9336669997574,112,True,alpha
0,8,0.00009825,155,183,2232.463958000153,118,True,beta
0,8,0.00009525,156,183,2545.702875000643,113,True,alpha
0,8,0.00009945,157,183,2533.9974590006022,120,True,beta
0,8,0.00009105,158,183,2292.0167910015152,106,True,alpha
0,8,0.00010485,159,183,2663.4666249992733,129,True,beta
0,8,0.00009465,160,183,2584.272875001261,112,True,alpha
0,8,0.00010185,161,183,3979.756124999767,124,True,beta
0,8,0.00009585,162,183,2214.3809999997757,114,True,alpha
0,8,0.00009525,163,183,2609.448708000855,113,True,beta
0,8,0.00009885,164,183,2653.278334000788,119,True,alpha
0,8,0.00009825,165,183,2919.175166000059,118,True,beta
0,8,0.00009765,166,183,2322.4881249989267,117,True,alpha
0,8,0.00009465,167,183,2337.148915999933,112,True,beta
0,8,0.00009105,168,183,5296.86595900057,106,True,alpha
0,8,0.00009105,169,183,2347.388583999418,106,True,beta
0,8,0.00009765,170,183,2313.246457999412,117,True,alpha
0,8,0.00009585,171,183,2170.082500000717,114,True,beta
0,8,0.00009585,172,183,2431.7101249998814,114,True,alpha
0,8,0.00010245,173,183,2498.4558329997526,125,True,beta
0,8,0.00010065,174,183,2418.3262909991754,122,True,alpha
0,8,0.00009405,175,183,2354.2587499996444,111,True,beta
0,8,0.00009225,176,183,2124.9082909998833,108,True,alpha
0,8,0.00009705,177,183,3388.125999999829,116,True,beta
0,8,0.00009825,178,183,2609.1224159990816,118,True,alpha
0,8,0.00009705,179,183,2389.0454579996003,116,True,beta
0,8,0.00009525,180,183,2430.232916998648,113,True,alpha
0,8,0.00010185,181,183,2587.9431670000486,124,True,beta
0,8,0.00009525,182,183,2345.6901669997023,113,True,alpha
0,8,0.00010485,183,183,2713.557957999001,129,True,beta
0,8,0.00010125,184,183,2673.0999589999556,123,True,alpha
0,8,0.00009765,185,183,2493.486707999182,117,True,beta
0,8,0.00009105,186,183,2465.613292000853,106,True,alpha
0,8,0.00009105,187,183,2196.8432499998016,106,True,beta
0,8,0.00010245,188,183,2353.440708000562,125,True,alpha
0,8,0.00009885,189,183,2577.734459000567,119,True,beta
0,8,0.00009525,190,183,2468.733333998898,113,True,alpha
0,8,0.00010005,191,183,2721.586333000232,121,True,beta
0,8,0.00010005,192,183,2429.8622499991325,121,True,alpha
0,8,0.00010005,193,183,2497.2802920001413,121,True,beta
0,8,0.00010125,194,183,2693.294959000923,123,True,alpha
0,8,0.00009585,195,183,2443.044124998778,114,True,beta
0,8,0.00009345,196,183,2310.6904159994883,110,True,alpha
0,8,0.00009465,197,183,2389.7400420009944,112,True,beta
0,8,0.00009705,198,183,2651.8945839998196,116,True,alpha
0,8,0.00009525,199,183,2581.706957998904,113,True,beta
